<?xml version='1.0' encoding='UTF-8'?>
<?artifactRepository version='1.1.0'?>
<repository name='file:/C:/Users/Andy/Documents/GitHub/mule-xero-connector/xero-connector/target/update-site/ - artifacts' type='org.eclipse.equinox.p2.artifact.repository.simpleRepository' version='1.0.0'>
  <properties size='2'>
    <property name='p2.timestamp' value='1352240381096'/>
    <property name='p2.compressed' value='false'/>
  </properties>
  <mappings size='3'>
    <rule filter='(&amp; (classifier=osgi.bundle))' output='${repoUrl}/plugins/${id}_${version}.jar'/>
    <rule filter='(&amp; (classifier=binary))' output='${repoUrl}/binary/${id}_${version}'/>
    <rule filter='(&amp; (classifier=org.eclipse.update.feature))' output='${repoUrl}/features/${id}_${version}.jar'/>
  </mappings>
  <artifacts size='8'>
    <artifact classifier='osgi.bundle' id='org.mule.tooling.ui.extension.xero' version='1.0.0.201211061745'>
      <properties size='3'>
        <property name='artifact.size' value='3971167'/>
        <property name='download.size' value='3971167'/>
        <property name='download.md5' value='f473fec76fdb8c81d9c577ad0426d055'/>
      </properties>
    </artifact>
    <artifact classifier='org.eclipse.update.feature' id='org.mule.tooling.ui.extension.xero' version='1.0.0.201211061745'>
      <properties size='4'>
        <property name='artifact.size' value='636'/>
        <property name='download.size' value='636'/>
        <property name='download.md5' value='11c0553da1d90cb2013335ef62ef4ec6'/>
        <property name='download.contentType' value='application/zip'/>
      </properties>
    </artifact>
    <artifact classifier='osgi.bundle' id='org.mule.tooling.ui.extension.xero' version='1.0.0.201211062119'>
      <properties size='3'>
        <property name='artifact.size' value='3971528'/>
        <property name='download.size' value='3971528'/>
        <property name='download.md5' value='9ece37dd49f4ef4adf6c385dd95665b5'/>
      </properties>
    </artifact>
    <artifact classifier='osgi.bundle' id='org.mule.tooling.ui.extension.xero' version='1.0.0.201211070854'>
      <properties size='3'>
        <property name='artifact.size' value='3971558'/>
        <property name='download.size' value='3971558'/>
        <property name='download.md5' value='dd871911117fa8090cb5278258999657'/>
      </properties>
    </artifact>
    <artifact classifier='org.eclipse.update.feature' id='org.mule.tooling.ui.extension.xero' version='1.0.0.201211070919'>
      <properties size='4'>
        <property name='artifact.size' value='635'/>
        <property name='download.size' value='635'/>
        <property name='download.md5' value='acd897a293f64e7cdb7f46c98a258f68'/>
        <property name='download.contentType' value='application/zip'/>
      </properties>
    </artifact>
    <artifact classifier='org.eclipse.update.feature' id='org.mule.tooling.ui.extension.xero' version='1.0.0.201211062119'>
      <properties size='4'>
        <property name='artifact.size' value='633'/>
        <property name='download.size' value='633'/>
        <property name='download.md5' value='bc01485160d18603869269a763639aa7'/>
        <property name='download.contentType' value='application/zip'/>
      </properties>
    </artifact>
    <artifact classifier='osgi.bundle' id='org.mule.tooling.ui.extension.xero' version='1.0.0.201211070919'>
      <properties size='3'>
        <property name='artifact.size' value='3971610'/>
        <property name='download.size' value='3971610'/>
        <property name='download.md5' value='73b79cc265ca790873e144dceab45da0'/>
      </properties>
    </artifact>
    <artifact classifier='org.eclipse.update.feature' id='org.mule.tooling.ui.extension.xero' version='1.0.0.201211070854'>
      <properties size='4'>
        <property name='artifact.size' value='635'/>
        <property name='download.size' value='635'/>
        <property name='download.md5' value='8808bfa66ac74ff73c52023192357e2a'/>
        <property name='download.contentType' value='application/zip'/>
      </properties>
    </artifact>
  </artifacts>
</repository>
