<?xml version='1.0' encoding='UTF-8'?>
<?artifactRepository version='1.1.0'?>
<repository name='file:/C:/Users/Andy/Documents/GitHub/mule-xero-connector/xero-connector/target/update-site/ - artifacts' type='org.eclipse.equinox.p2.artifact.repository.simpleRepository' version='1.0.0'>
  <properties size='2'>
    <property name='p2.timestamp' value='1353027194233'/>
    <property name='p2.compressed' value='false'/>
  </properties>
  <mappings size='3'>
    <rule filter='(&amp; (classifier=osgi.bundle))' output='${repoUrl}/plugins/${id}_${version}.jar'/>
    <rule filter='(&amp; (classifier=binary))' output='${repoUrl}/binary/${id}_${version}'/>
    <rule filter='(&amp; (classifier=org.eclipse.update.feature))' output='${repoUrl}/features/${id}_${version}.jar'/>
  </mappings>
  <artifacts size='68'>
    <artifact classifier='osgi.bundle' id='org.mule.tooling.ui.extension.xero' version='1.0.0.201211141048'>
      <properties size='3'>
        <property name='artifact.size' value='4687500'/>
        <property name='download.size' value='4687500'/>
        <property name='download.md5' value='2fdc25693fa2823c2f49aee68592a140'/>
      </properties>
    </artifact>
    <artifact classifier='org.eclipse.update.feature' id='org.mule.tooling.ui.extension.xero' version='1.0.0.201211071041'>
      <properties size='4'>
        <property name='artifact.size' value='635'/>
        <property name='download.size' value='635'/>
        <property name='download.md5' value='25c96146b9feb1c6b08b267c5a21129b'/>
        <property name='download.contentType' value='application/zip'/>
      </properties>
    </artifact>
    <artifact classifier='org.eclipse.update.feature' id='org.mule.tooling.ui.extension.xero' version='1.0.0.201211061745'>
      <properties size='4'>
        <property name='artifact.size' value='636'/>
        <property name='download.size' value='636'/>
        <property name='download.md5' value='11c0553da1d90cb2013335ef62ef4ec6'/>
        <property name='download.contentType' value='application/zip'/>
      </properties>
    </artifact>
    <artifact classifier='osgi.bundle' id='org.mule.tooling.ui.extension.xero' version='1.0.0.201211062119'>
      <properties size='3'>
        <property name='artifact.size' value='3971528'/>
        <property name='download.size' value='3971528'/>
        <property name='download.md5' value='9ece37dd49f4ef4adf6c385dd95665b5'/>
      </properties>
    </artifact>
    <artifact classifier='osgi.bundle' id='org.mule.tooling.ui.extension.xero' version='1.0.0.201211141358'>
      <properties size='3'>
        <property name='artifact.size' value='4687621'/>
        <property name='download.size' value='4687621'/>
        <property name='download.md5' value='7323e09f3980f754edf6be6dac29fc19'/>
      </properties>
    </artifact>
    <artifact classifier='osgi.bundle' id='org.mule.tooling.ui.extension.xero' version='1.0.0.201211151153'>
      <properties size='3'>
        <property name='artifact.size' value='4689580'/>
        <property name='download.size' value='4689580'/>
        <property name='download.md5' value='750242537c08d573dadabbc89f8f1542'/>
      </properties>
    </artifact>
    <artifact classifier='org.eclipse.update.feature' id='org.mule.tooling.ui.extension.xero' version='1.0.0.201211070919'>
      <properties size='4'>
        <property name='artifact.size' value='635'/>
        <property name='download.size' value='635'/>
        <property name='download.md5' value='acd897a293f64e7cdb7f46c98a258f68'/>
        <property name='download.contentType' value='application/zip'/>
      </properties>
    </artifact>
    <artifact classifier='org.eclipse.update.feature' id='org.mule.tooling.ui.extension.xero' version='1.0.0.201211131339'>
      <properties size='4'>
        <property name='artifact.size' value='635'/>
        <property name='download.size' value='635'/>
        <property name='download.md5' value='81204f3d3131f87c45bb3b0451f5d1a9'/>
        <property name='download.contentType' value='application/zip'/>
      </properties>
    </artifact>
    <artifact classifier='org.eclipse.update.feature' id='org.mule.tooling.ui.extension.xero' version='1.0.0.201211062119'>
      <properties size='4'>
        <property name='artifact.size' value='633'/>
        <property name='download.size' value='633'/>
        <property name='download.md5' value='bc01485160d18603869269a763639aa7'/>
        <property name='download.contentType' value='application/zip'/>
      </properties>
    </artifact>
    <artifact classifier='org.eclipse.update.feature' id='org.mule.tooling.ui.extension.xero' version='1.0.0.201211141358'>
      <properties size='4'>
        <property name='artifact.size' value='636'/>
        <property name='download.size' value='636'/>
        <property name='download.md5' value='a07681e49d1488f67ca1b3d45b1243be'/>
        <property name='download.contentType' value='application/zip'/>
      </properties>
    </artifact>
    <artifact classifier='org.eclipse.update.feature' id='org.mule.tooling.ui.extension.xero' version='1.0.0.201211151047'>
      <properties size='4'>
        <property name='artifact.size' value='636'/>
        <property name='download.size' value='636'/>
        <property name='download.md5' value='86386173399c2b283bd00926d61e8df4'/>
        <property name='download.contentType' value='application/zip'/>
      </properties>
    </artifact>
    <artifact classifier='org.eclipse.update.feature' id='org.mule.tooling.ui.extension.xero' version='1.0.0.201211151139'>
      <properties size='4'>
        <property name='artifact.size' value='635'/>
        <property name='download.size' value='635'/>
        <property name='download.md5' value='91f37c39d069001d1fcf4d3c3208a8c3'/>
        <property name='download.contentType' value='application/zip'/>
      </properties>
    </artifact>
    <artifact classifier='org.eclipse.update.feature' id='org.mule.tooling.ui.extension.xero' version='1.0.0.201211141345'>
      <properties size='4'>
        <property name='artifact.size' value='636'/>
        <property name='download.size' value='636'/>
        <property name='download.md5' value='5aeec6367815124bc28bfc9db0a9c217'/>
        <property name='download.contentType' value='application/zip'/>
      </properties>
    </artifact>
    <artifact classifier='org.eclipse.update.feature' id='org.mule.tooling.ui.extension.xero' version='1.0.0.201211141348'>
      <properties size='4'>
        <property name='artifact.size' value='635'/>
        <property name='download.size' value='635'/>
        <property name='download.md5' value='ff4ec27de6b45c94a5d450c64989c4f0'/>
        <property name='download.contentType' value='application/zip'/>
      </properties>
    </artifact>
    <artifact classifier='org.eclipse.update.feature' id='org.mule.tooling.ui.extension.xero' version='1.0.0.201211151153'>
      <properties size='4'>
        <property name='artifact.size' value='633'/>
        <property name='download.size' value='633'/>
        <property name='download.md5' value='f6e393230bc5a6537a58fba8b6b3b551'/>
        <property name='download.contentType' value='application/zip'/>
      </properties>
    </artifact>
    <artifact classifier='osgi.bundle' id='org.mule.tooling.ui.extension.xero' version='1.0.0.201211131339'>
      <properties size='3'>
        <property name='artifact.size' value='4687544'/>
        <property name='download.size' value='4687544'/>
        <property name='download.md5' value='b90b58b14f82d8ad645fe6928f32f163'/>
      </properties>
    </artifact>
    <artifact classifier='osgi.bundle' id='org.mule.tooling.ui.extension.xero' version='1.0.0.201211141432'>
      <properties size='3'>
        <property name='artifact.size' value='4688760'/>
        <property name='download.size' value='4688760'/>
        <property name='download.md5' value='7429911ea4fb9a570718748f6bf10657'/>
      </properties>
    </artifact>
    <artifact classifier='osgi.bundle' id='org.mule.tooling.ui.extension.xero' version='1.0.0.201211070854'>
      <properties size='3'>
        <property name='artifact.size' value='3971558'/>
        <property name='download.size' value='3971558'/>
        <property name='download.md5' value='dd871911117fa8090cb5278258999657'/>
      </properties>
    </artifact>
    <artifact classifier='osgi.bundle' id='org.mule.tooling.ui.extension.xero' version='1.0.0.201211141345'>
      <properties size='3'>
        <property name='artifact.size' value='4687615'/>
        <property name='download.size' value='4687615'/>
        <property name='download.md5' value='491e3196a4da54d0db64870bb053b7d4'/>
      </properties>
    </artifact>
    <artifact classifier='osgi.bundle' id='org.mule.tooling.ui.extension.xero' version='1.0.0.201211141348'>
      <properties size='3'>
        <property name='artifact.size' value='4687499'/>
        <property name='download.size' value='4687499'/>
        <property name='download.md5' value='2b6e5c8b3a97645a77bfc4be3e377ac0'/>
      </properties>
    </artifact>
    <artifact classifier='osgi.bundle' id='org.mule.tooling.ui.extension.xero' version='1.0.0.201211141034'>
      <properties size='3'>
        <property name='artifact.size' value='4687495'/>
        <property name='download.size' value='4687495'/>
        <property name='download.md5' value='275429dcfc131c3c01969ce6cb974601'/>
      </properties>
    </artifact>
    <artifact classifier='osgi.bundle' id='org.mule.tooling.ui.extension.xero' version='1.0.0.201211121027'>
      <properties size='3'>
        <property name='artifact.size' value='4677461'/>
        <property name='download.size' value='4677461'/>
        <property name='download.md5' value='437bcb401535527bd309df87fce08a04'/>
      </properties>
    </artifact>
    <artifact classifier='osgi.bundle' id='org.mule.tooling.ui.extension.xero' version='1.0.0.201211121148'>
      <properties size='3'>
        <property name='artifact.size' value='4677539'/>
        <property name='download.size' value='4677539'/>
        <property name='download.md5' value='3ba29bd2bcba39a1367d23a7f29caba9'/>
      </properties>
    </artifact>
    <artifact classifier='osgi.bundle' id='org.mule.tooling.ui.extension.xero' version='1.0.0.201211161152'>
      <properties size='3'>
        <property name='artifact.size' value='1446874'/>
        <property name='download.size' value='1446874'/>
        <property name='download.md5' value='fd242e170293ff5aa0d9e0029875ba17'/>
      </properties>
    </artifact>
    <artifact classifier='osgi.bundle' id='org.mule.tooling.ui.extension.xero' version='1.0.0.201211151003'>
      <properties size='3'>
        <property name='artifact.size' value='4689294'/>
        <property name='download.size' value='4689294'/>
        <property name='download.md5' value='c465d383ace9b4ac111963c270eeec3f'/>
      </properties>
    </artifact>
    <artifact classifier='org.eclipse.update.feature' id='org.mule.tooling.ui.extension.xero' version='1.0.0.201211120933'>
      <properties size='4'>
        <property name='artifact.size' value='635'/>
        <property name='download.size' value='635'/>
        <property name='download.md5' value='d6d3f410af8b149cfb4fd458d676c64a'/>
        <property name='download.contentType' value='application/zip'/>
      </properties>
    </artifact>
    <artifact classifier='org.eclipse.update.feature' id='org.mule.tooling.ui.extension.xero' version='1.0.0.201211071105'>
      <properties size='4'>
        <property name='artifact.size' value='633'/>
        <property name='download.size' value='633'/>
        <property name='download.md5' value='4a968ab77c89665beb041416036b6c57'/>
        <property name='download.contentType' value='application/zip'/>
      </properties>
    </artifact>
    <artifact classifier='osgi.bundle' id='org.mule.tooling.ui.extension.xero' version='1.0.0.201211150948'>
      <properties size='3'>
        <property name='artifact.size' value='4689575'/>
        <property name='download.size' value='4689575'/>
        <property name='download.md5' value='fdd2355e0fdaff093a617c245f43d30f'/>
      </properties>
    </artifact>
    <artifact classifier='osgi.bundle' id='org.mule.tooling.ui.extension.xero' version='1.0.0.201211141050'>
      <properties size='3'>
        <property name='artifact.size' value='4687430'/>
        <property name='download.size' value='4687430'/>
        <property name='download.md5' value='749a2b80190bdbddd07175305fb5c342'/>
      </properties>
    </artifact>
    <artifact classifier='org.eclipse.update.feature' id='org.mule.tooling.ui.extension.xero' version='1.0.0.201211161152'>
      <properties size='4'>
        <property name='artifact.size' value='635'/>
        <property name='download.size' value='635'/>
        <property name='download.md5' value='180569bfe673a6e0b846b8880987f8b4'/>
        <property name='download.contentType' value='application/zip'/>
      </properties>
    </artifact>
    <artifact classifier='org.eclipse.update.feature' id='org.mule.tooling.ui.extension.xero' version='1.0.0.201211151350'>
      <properties size='4'>
        <property name='artifact.size' value='635'/>
        <property name='download.size' value='635'/>
        <property name='download.md5' value='e87d0cd8e3e9459c293d4c8911b15845'/>
        <property name='download.contentType' value='application/zip'/>
      </properties>
    </artifact>
    <artifact classifier='osgi.bundle' id='org.mule.tooling.ui.extension.xero' version='1.0.0.201211151047'>
      <properties size='3'>
        <property name='artifact.size' value='4690983'/>
        <property name='download.size' value='4690983'/>
        <property name='download.md5' value='267499f2eb721ff1b9dfe3321013c785'/>
      </properties>
    </artifact>
    <artifact classifier='osgi.bundle' id='org.mule.tooling.ui.extension.xero' version='1.0.0.201211151350'>
      <properties size='3'>
        <property name='artifact.size' value='4716026'/>
        <property name='download.size' value='4716026'/>
        <property name='download.md5' value='4c6a9ccb70f0982f184f5ac55861545c'/>
      </properties>
    </artifact>
    <artifact classifier='osgi.bundle' id='org.mule.tooling.ui.extension.xero' version='1.0.0.201211070919'>
      <properties size='3'>
        <property name='artifact.size' value='3971610'/>
        <property name='download.size' value='3971610'/>
        <property name='download.md5' value='73b79cc265ca790873e144dceab45da0'/>
      </properties>
    </artifact>
    <artifact classifier='org.eclipse.update.feature' id='org.mule.tooling.ui.extension.xero' version='1.0.0.201211121148'>
      <properties size='4'>
        <property name='artifact.size' value='632'/>
        <property name='download.size' value='632'/>
        <property name='download.md5' value='4a868ce51b8f0241805049906be13846'/>
        <property name='download.contentType' value='application/zip'/>
      </properties>
    </artifact>
    <artifact classifier='osgi.bundle' id='org.mule.tooling.ui.extension.xero' version='1.0.0.201211141600'>
      <properties size='3'>
        <property name='artifact.size' value='4689348'/>
        <property name='download.size' value='4689348'/>
        <property name='download.md5' value='f87b779df744ec3f17f050f4c580243f'/>
      </properties>
    </artifact>
    <artifact classifier='osgi.bundle' id='org.mule.tooling.ui.extension.xero' version='1.0.0.201211121001'>
      <properties size='3'>
        <property name='artifact.size' value='4677415'/>
        <property name='download.size' value='4677415'/>
        <property name='download.md5' value='03d0a153a7fd14ed86c48e3772c19cba'/>
      </properties>
    </artifact>
    <artifact classifier='org.eclipse.update.feature' id='org.mule.tooling.ui.extension.xero' version='1.0.0.201211141421'>
      <properties size='4'>
        <property name='artifact.size' value='635'/>
        <property name='download.size' value='635'/>
        <property name='download.md5' value='781b40e6b564be8dcaf562d5e7b28f3c'/>
        <property name='download.contentType' value='application/zip'/>
      </properties>
    </artifact>
    <artifact classifier='osgi.bundle' id='org.mule.tooling.ui.extension.xero' version='1.0.0.201211081628'>
      <properties size='3'>
        <property name='artifact.size' value='4677431'/>
        <property name='download.size' value='4677431'/>
        <property name='download.md5' value='211a7be1cc63fdef6c308ad79c63ab04'/>
      </properties>
    </artifact>
    <artifact classifier='org.eclipse.update.feature' id='org.mule.tooling.ui.extension.xero' version='1.0.0.201211141600'>
      <properties size='4'>
        <property name='artifact.size' value='635'/>
        <property name='download.size' value='635'/>
        <property name='download.md5' value='55de4962cdda1ff4d9b0a47c21efb745'/>
        <property name='download.contentType' value='application/zip'/>
      </properties>
    </artifact>
    <artifact classifier='org.eclipse.update.feature' id='org.mule.tooling.ui.extension.xero' version='1.0.0.201211151003'>
      <properties size='4'>
        <property name='artifact.size' value='635'/>
        <property name='download.size' value='635'/>
        <property name='download.md5' value='4c5d05a69e050695ed1598951d0a17a9'/>
        <property name='download.contentType' value='application/zip'/>
      </properties>
    </artifact>
    <artifact classifier='org.eclipse.update.feature' id='org.mule.tooling.ui.extension.xero' version='1.0.0.201211141034'>
      <properties size='4'>
        <property name='artifact.size' value='635'/>
        <property name='download.size' value='635'/>
        <property name='download.md5' value='ce241ee1a83ae4d8a1f8a12bd7ef8f28'/>
        <property name='download.contentType' value='application/zip'/>
      </properties>
    </artifact>
    <artifact classifier='org.eclipse.update.feature' id='org.mule.tooling.ui.extension.xero' version='1.0.0.201211141050'>
      <properties size='4'>
        <property name='artifact.size' value='635'/>
        <property name='download.size' value='635'/>
        <property name='download.md5' value='af5f8ea70ff39c6b438b921aed229a2a'/>
        <property name='download.contentType' value='application/zip'/>
      </properties>
    </artifact>
    <artifact classifier='org.eclipse.update.feature' id='org.mule.tooling.ui.extension.xero' version='1.0.0.201211081041'>
      <properties size='4'>
        <property name='artifact.size' value='635'/>
        <property name='download.size' value='635'/>
        <property name='download.md5' value='68ade81fcb1f4c5729df0f7083d45416'/>
        <property name='download.contentType' value='application/zip'/>
      </properties>
    </artifact>
    <artifact classifier='osgi.bundle' id='org.mule.tooling.ui.extension.xero' version='1.0.0.201211061745'>
      <properties size='3'>
        <property name='artifact.size' value='3971167'/>
        <property name='download.size' value='3971167'/>
        <property name='download.md5' value='f473fec76fdb8c81d9c577ad0426d055'/>
      </properties>
    </artifact>
    <artifact classifier='osgi.bundle' id='org.mule.tooling.ui.extension.xero' version='1.0.0.201211071033'>
      <properties size='3'>
        <property name='artifact.size' value='3983214'/>
        <property name='download.size' value='3983214'/>
        <property name='download.md5' value='7ad0d53bbc7c83d9b2e61e954e99c22b'/>
      </properties>
    </artifact>
    <artifact classifier='org.eclipse.update.feature' id='org.mule.tooling.ui.extension.xero' version='1.0.0.201211081628'>
      <properties size='4'>
        <property name='artifact.size' value='634'/>
        <property name='download.size' value='634'/>
        <property name='download.md5' value='e6756897084756ce2c54bd97adaf2b1b'/>
        <property name='download.contentType' value='application/zip'/>
      </properties>
    </artifact>
    <artifact classifier='osgi.bundle' id='org.mule.tooling.ui.extension.xero' version='1.0.0.201211141421'>
      <properties size='3'>
        <property name='artifact.size' value='4688143'/>
        <property name='download.size' value='4688143'/>
        <property name='download.md5' value='6dc957fb883ad63a0d6ec07163441bf6'/>
      </properties>
    </artifact>
    <artifact classifier='osgi.bundle' id='org.mule.tooling.ui.extension.xero' version='1.0.0.201211120933'>
      <properties size='3'>
        <property name='artifact.size' value='4677471'/>
        <property name='download.size' value='4677471'/>
        <property name='download.md5' value='7a3b1b0bcffd0b6a02c7e8e2dc6fd413'/>
      </properties>
    </artifact>
    <artifact classifier='org.eclipse.update.feature' id='org.mule.tooling.ui.extension.xero' version='1.0.0.201211071352'>
      <properties size='4'>
        <property name='artifact.size' value='635'/>
        <property name='download.size' value='635'/>
        <property name='download.md5' value='9a4088ba76ee8e8f54e334ab5ec9bc06'/>
        <property name='download.contentType' value='application/zip'/>
      </properties>
    </artifact>
    <artifact classifier='org.eclipse.update.feature' id='org.mule.tooling.ui.extension.xero' version='1.0.0.201211141048'>
      <properties size='4'>
        <property name='artifact.size' value='635'/>
        <property name='download.size' value='635'/>
        <property name='download.md5' value='6f1f04048f4f9883f6df9752eea17aa0'/>
        <property name='download.contentType' value='application/zip'/>
      </properties>
    </artifact>
    <artifact classifier='org.eclipse.update.feature' id='org.mule.tooling.ui.extension.xero' version='1.0.0.201211150948'>
      <properties size='4'>
        <property name='artifact.size' value='636'/>
        <property name='download.size' value='636'/>
        <property name='download.md5' value='663106d0de4e328374ec7168a30acbbd'/>
        <property name='download.contentType' value='application/zip'/>
      </properties>
    </artifact>
    <artifact classifier='osgi.bundle' id='org.mule.tooling.ui.extension.xero' version='1.0.0.201211150957'>
      <properties size='3'>
        <property name='artifact.size' value='4689381'/>
        <property name='download.size' value='4689381'/>
        <property name='download.md5' value='ae702ed94ed7525bb2b745bfdd46c740'/>
      </properties>
    </artifact>
    <artifact classifier='osgi.bundle' id='org.mule.tooling.ui.extension.xero' version='1.0.0.201211071105'>
      <properties size='3'>
        <property name='artifact.size' value='4008734'/>
        <property name='download.size' value='4008734'/>
        <property name='download.md5' value='0653df359819c5ce58954dfeaa18b640'/>
      </properties>
    </artifact>
    <artifact classifier='org.eclipse.update.feature' id='org.mule.tooling.ui.extension.xero' version='1.0.0.201211081256'>
      <properties size='4'>
        <property name='artifact.size' value='635'/>
        <property name='download.size' value='635'/>
        <property name='download.md5' value='9fcb9a3d07eb7f233cb0b1031dee21d1'/>
        <property name='download.contentType' value='application/zip'/>
      </properties>
    </artifact>
    <artifact classifier='org.eclipse.update.feature' id='org.mule.tooling.ui.extension.xero' version='1.0.0.201211070854'>
      <properties size='4'>
        <property name='artifact.size' value='635'/>
        <property name='download.size' value='635'/>
        <property name='download.md5' value='8808bfa66ac74ff73c52023192357e2a'/>
        <property name='download.contentType' value='application/zip'/>
      </properties>
    </artifact>
    <artifact classifier='org.eclipse.update.feature' id='org.mule.tooling.ui.extension.xero' version='1.0.0.201211141432'>
      <properties size='4'>
        <property name='artifact.size' value='635'/>
        <property name='download.size' value='635'/>
        <property name='download.md5' value='1d00ead895381dc6ca77e05608cea145'/>
        <property name='download.contentType' value='application/zip'/>
      </properties>
    </artifact>
    <artifact classifier='osgi.bundle' id='org.mule.tooling.ui.extension.xero' version='1.0.0.201211081256'>
      <properties size='3'>
        <property name='artifact.size' value='4430734'/>
        <property name='download.size' value='4430734'/>
        <property name='download.md5' value='f7a890797c730699f5550a828b1bef38'/>
      </properties>
    </artifact>
    <artifact classifier='org.eclipse.update.feature' id='org.mule.tooling.ui.extension.xero' version='1.0.0.201211141614'>
      <properties size='4'>
        <property name='artifact.size' value='635'/>
        <property name='download.size' value='635'/>
        <property name='download.md5' value='b5133c125f4f52dffcb17f9b616abf4a'/>
        <property name='download.contentType' value='application/zip'/>
      </properties>
    </artifact>
    <artifact classifier='org.eclipse.update.feature' id='org.mule.tooling.ui.extension.xero' version='1.0.0.201211121001'>
      <properties size='4'>
        <property name='artifact.size' value='632'/>
        <property name='download.size' value='632'/>
        <property name='download.md5' value='ed24283d1fa973bdfde7d0dbd53469e1'/>
        <property name='download.contentType' value='application/zip'/>
      </properties>
    </artifact>
    <artifact classifier='osgi.bundle' id='org.mule.tooling.ui.extension.xero' version='1.0.0.201211071041'>
      <properties size='3'>
        <property name='artifact.size' value='3983021'/>
        <property name='download.size' value='3983021'/>
        <property name='download.md5' value='f5247335eb1e9fd001ab163535b77ca8'/>
      </properties>
    </artifact>
    <artifact classifier='osgi.bundle' id='org.mule.tooling.ui.extension.xero' version='1.0.0.201211141614'>
      <properties size='3'>
        <property name='artifact.size' value='4689395'/>
        <property name='download.size' value='4689395'/>
        <property name='download.md5' value='558f9a34d44d1256f30fe074e3c3634a'/>
      </properties>
    </artifact>
    <artifact classifier='org.eclipse.update.feature' id='org.mule.tooling.ui.extension.xero' version='1.0.0.201211071033'>
      <properties size='4'>
        <property name='artifact.size' value='635'/>
        <property name='download.size' value='635'/>
        <property name='download.md5' value='666926e392d6bdc51b07b8b2a2c726ef'/>
        <property name='download.contentType' value='application/zip'/>
      </properties>
    </artifact>
    <artifact classifier='org.eclipse.update.feature' id='org.mule.tooling.ui.extension.xero' version='1.0.0.201211121027'>
      <properties size='4'>
        <property name='artifact.size' value='633'/>
        <property name='download.size' value='633'/>
        <property name='download.md5' value='520f0bfdfa0249593325b5aa6d4425b0'/>
        <property name='download.contentType' value='application/zip'/>
      </properties>
    </artifact>
    <artifact classifier='osgi.bundle' id='org.mule.tooling.ui.extension.xero' version='1.0.0.201211151139'>
      <properties size='3'>
        <property name='artifact.size' value='4690980'/>
        <property name='download.size' value='4690980'/>
        <property name='download.md5' value='d15f8f61dd36f11d4ff0caf7f4ad7b08'/>
      </properties>
    </artifact>
    <artifact classifier='osgi.bundle' id='org.mule.tooling.ui.extension.xero' version='1.0.0.201211071352'>
      <properties size='3'>
        <property name='artifact.size' value='4102717'/>
        <property name='download.size' value='4102717'/>
        <property name='download.md5' value='242e443f88601ae40f4c9ef95ec8d080'/>
      </properties>
    </artifact>
    <artifact classifier='org.eclipse.update.feature' id='org.mule.tooling.ui.extension.xero' version='1.0.0.201211150957'>
      <properties size='4'>
        <property name='artifact.size' value='636'/>
        <property name='download.size' value='636'/>
        <property name='download.md5' value='b2d29b003700e994354c90fc0da53540'/>
        <property name='download.contentType' value='application/zip'/>
      </properties>
    </artifact>
    <artifact classifier='osgi.bundle' id='org.mule.tooling.ui.extension.xero' version='1.0.0.201211081041'>
      <properties size='3'>
        <property name='artifact.size' value='4187649'/>
        <property name='download.size' value='4187649'/>
        <property name='download.md5' value='dfc09b8d53bd5334a082251833f2a0ed'/>
      </properties>
    </artifact>
  </artifacts>
</repository>
