<?xml version='1.0' encoding='UTF-8'?>
<?metadataRepository version='1.1.0'?>
<repository name='file:/C:/Users/Andy/Documents/GitHub/mule-dev/xero-connector/target/update-site/ - metadata' type='org.eclipse.equinox.internal.p2.metadata.repository.LocalMetadataRepository' version='1.0.0'>
  <properties size='2'>
    <property name='p2.timestamp' value='1344928351119'/>
    <property name='p2.compressed' value='false'/>
  </properties>
  <units size='32'>
    <unit id='org.mule.tooling.ui.extension.xero' version='1.0.0.201208100940'>
      <update id='org.mule.tooling.ui.extension.xero' range='[0.0.0,1.0.0.201208100940)' severity='0'/>
      <properties size='2'>
        <property name='org.eclipse.equinox.p2.name' value='Xero'/>
        <property name='org.eclipse.equinox.p2.provider' value='MuleSoft, Inc.'/>
      </properties>
      <provides size='3'>
        <provided namespace='org.eclipse.equinox.p2.iu' name='org.mule.tooling.ui.extension.xero' version='1.0.0.201208100940'/>
        <provided namespace='osgi.bundle' name='org.mule.tooling.ui.extension.xero' version='1.0.0.201208100940'/>
        <provided namespace='org.eclipse.equinox.p2.eclipse.type' name='bundle' version='1.0.0'/>
      </provides>
      <requires size='3'>
        <required namespace='osgi.bundle' name='org.eclipse.ui' range='0.0.0'/>
        <required namespace='osgi.bundle' name='org.eclipse.core.runtime' range='0.0.0'/>
        <required namespace='osgi.bundle' name='org.mule.tooling.core' range='1.0.0'/>
      </requires>
      <artifacts size='1'>
        <artifact classifier='osgi.bundle' id='org.mule.tooling.ui.extension.xero' version='1.0.0.201208100940'/>
      </artifacts>
      <touchpoint id='org.eclipse.equinox.p2.osgi' version='1.0.0'/>
      <touchpointData size='1'>
        <instructions size='2'>
          <instruction key='manifest'>
            Bundle-SymbolicName: org.mule.tooling.ui.extension.xero;singleton:=true&#xA;Bundle-Version: 1.0.0.201208100940
          </instruction>
          <instruction key='zipped'>
            true
          </instruction>
        </instructions>
      </touchpointData>
    </unit>
    <unit id='org.mule.tooling.ui.extension.xero.feature.group' version='1.0.0.201208131002' singleton='false'>
      <update id='org.mule.tooling.ui.extension.xero.feature.group' range='[0.0.0,1.0.0.201208131002)' severity='0'/>
      <properties size='3'>
        <property name='org.eclipse.equinox.p2.name' value='Xero Mule Studio Extension'/>
        <property name='org.eclipse.equinox.p2.provider' value='Mulesoft, Inc.'/>
        <property name='org.eclipse.equinox.p2.type.group' value='true'/>
      </properties>
      <provides size='1'>
        <provided namespace='org.eclipse.equinox.p2.iu' name='org.mule.tooling.ui.extension.xero.feature.group' version='1.0.0.201208131002'/>
      </provides>
      <requires size='2'>
        <required namespace='org.eclipse.equinox.p2.iu' name='org.mule.tooling.ui.extension.xero' range='[1.0.0.201208131002,1.0.0.201208131002]'/>
        <required namespace='org.eclipse.equinox.p2.iu' name='org.mule.tooling.ui.extension.xero.feature.jar' range='[1.0.0.201208131002,1.0.0.201208131002]'>
          <filter>
            (org.eclipse.update.install.features=true)
          </filter>
        </required>
      </requires>
      <touchpoint id='null' version='0.0.0'/>
      <licenses size='1'>
        <license>

        </license>
      </licenses>
    </unit>
    <unit id='file:/C:/Users/Andy/Documents/GitHub/mule-xero-connector/xero-connector/target/update-site/site.xml.Connectors' version='1.0.0.2--cKMyA2773573I533KA3'>
      <properties size='2'>
        <property name='org.eclipse.equinox.p2.name' value='Connectors'/>
        <property name='org.eclipse.equinox.p2.type.category' value='true'/>
      </properties>
      <provides size='1'>
        <provided namespace='org.eclipse.equinox.p2.iu' name='file:/C:/Users/Andy/Documents/GitHub/mule-xero-connector/xero-connector/target/update-site/site.xml.Connectors' version='1.0.0.2--cKMyA2773573I533KA3'/>
      </provides>
      <requires size='1'>
        <required namespace='org.eclipse.equinox.p2.iu' name='org.mule.tooling.ui.extension.xero.feature.group' range='[1.0.0.201208100940,1.0.0.201208100940]'/>
      </requires>
      <touchpoint id='null' version='0.0.0'/>
    </unit>
    <unit id='file:/C:/Users/Andy/Documents/GitHub/mule-dev/xero-connector/target/update-site/site.xml.Connectors' version='1.0.0.2--cKMyA2773573I3K53C5'>
      <properties size='2'>
        <property name='org.eclipse.equinox.p2.name' value='Connectors'/>
        <property name='org.eclipse.equinox.p2.type.category' value='true'/>
      </properties>
      <provides size='1'>
        <provided namespace='org.eclipse.equinox.p2.iu' name='file:/C:/Users/Andy/Documents/GitHub/mule-dev/xero-connector/target/update-site/site.xml.Connectors' version='1.0.0.2--cKMyA2773573I3K53C5'/>
      </provides>
      <requires size='1'>
        <required namespace='org.eclipse.equinox.p2.iu' name='org.mule.tooling.ui.extension.xero.feature.group' range='[1.0.0.201208091051,1.0.0.201208091051]'/>
      </requires>
      <touchpoint id='null' version='0.0.0'/>
    </unit>
    <unit id='org.mule.tooling.ui.extension.xero.feature.jar' version='1.0.0.201208141602'>
      <properties size='2'>
        <property name='org.eclipse.equinox.p2.name' value='Xero Mule Studio Extension'/>
        <property name='org.eclipse.equinox.p2.provider' value='Mulesoft, Inc.'/>
      </properties>
      <provides size='3'>
        <provided namespace='org.eclipse.equinox.p2.iu' name='org.mule.tooling.ui.extension.xero.feature.jar' version='1.0.0.201208141602'/>
        <provided namespace='org.eclipse.equinox.p2.eclipse.type' name='feature' version='1.0.0'/>
        <provided namespace='org.eclipse.update.feature' name='org.mule.tooling.ui.extension.xero' version='1.0.0.201208141602'/>
      </provides>
      <filter>
        (org.eclipse.update.install.features=true)
      </filter>
      <artifacts size='1'>
        <artifact classifier='org.eclipse.update.feature' id='org.mule.tooling.ui.extension.xero' version='1.0.0.201208141602'/>
      </artifacts>
      <touchpoint id='org.eclipse.equinox.p2.osgi' version='1.0.0'/>
      <touchpointData size='1'>
        <instructions size='1'>
          <instruction key='zipped'>
            true
          </instruction>
        </instructions>
      </touchpointData>
      <licenses size='1'>
        <license>

        </license>
      </licenses>
    </unit>
    <unit id='org.mule.tooling.ui.extension.xero.feature.jar' version='1.0.0.201208091051'>
      <properties size='2'>
        <property name='org.eclipse.equinox.p2.name' value='Xero Mule Studio Extension'/>
        <property name='org.eclipse.equinox.p2.provider' value='Mulesoft, Inc.'/>
      </properties>
      <provides size='3'>
        <provided namespace='org.eclipse.equinox.p2.iu' name='org.mule.tooling.ui.extension.xero.feature.jar' version='1.0.0.201208091051'/>
        <provided namespace='org.eclipse.equinox.p2.eclipse.type' name='feature' version='1.0.0'/>
        <provided namespace='org.eclipse.update.feature' name='org.mule.tooling.ui.extension.xero' version='1.0.0.201208091051'/>
      </provides>
      <filter>
        (org.eclipse.update.install.features=true)
      </filter>
      <artifacts size='1'>
        <artifact classifier='org.eclipse.update.feature' id='org.mule.tooling.ui.extension.xero' version='1.0.0.201208091051'/>
      </artifacts>
      <touchpoint id='org.eclipse.equinox.p2.osgi' version='1.0.0'/>
      <touchpointData size='1'>
        <instructions size='1'>
          <instruction key='zipped'>
            true
          </instruction>
        </instructions>
      </touchpointData>
      <licenses size='1'>
        <license>

        </license>
      </licenses>
    </unit>
    <unit id='org.mule.tooling.ui.extension.xero' version='1.0.0.201208091051'>
      <update id='org.mule.tooling.ui.extension.xero' range='[0.0.0,1.0.0.201208091051)' severity='0'/>
      <properties size='2'>
        <property name='org.eclipse.equinox.p2.name' value='Xero'/>
        <property name='org.eclipse.equinox.p2.provider' value='MuleSoft, Inc.'/>
      </properties>
      <provides size='3'>
        <provided namespace='org.eclipse.equinox.p2.iu' name='org.mule.tooling.ui.extension.xero' version='1.0.0.201208091051'/>
        <provided namespace='osgi.bundle' name='org.mule.tooling.ui.extension.xero' version='1.0.0.201208091051'/>
        <provided namespace='org.eclipse.equinox.p2.eclipse.type' name='bundle' version='1.0.0'/>
      </provides>
      <requires size='3'>
        <required namespace='osgi.bundle' name='org.eclipse.ui' range='0.0.0'/>
        <required namespace='osgi.bundle' name='org.eclipse.core.runtime' range='0.0.0'/>
        <required namespace='osgi.bundle' name='org.mule.tooling.core' range='1.0.0'/>
      </requires>
      <artifacts size='1'>
        <artifact classifier='osgi.bundle' id='org.mule.tooling.ui.extension.xero' version='1.0.0.201208091051'/>
      </artifacts>
      <touchpoint id='org.eclipse.equinox.p2.osgi' version='1.0.0'/>
      <touchpointData size='1'>
        <instructions size='2'>
          <instruction key='manifest'>
            Bundle-SymbolicName: org.mule.tooling.ui.extension.xero;singleton:=true&#xA;Bundle-Version: 1.0.0.201208091051
          </instruction>
          <instruction key='zipped'>
            true
          </instruction>
        </instructions>
      </touchpointData>
    </unit>
    <unit id='org.mule.tooling.ui.extension.xero.feature.group' version='1.0.0.201208091222' singleton='false'>
      <update id='org.mule.tooling.ui.extension.xero.feature.group' range='[0.0.0,1.0.0.201208091222)' severity='0'/>
      <properties size='3'>
        <property name='org.eclipse.equinox.p2.name' value='Xero Mule Studio Extension'/>
        <property name='org.eclipse.equinox.p2.provider' value='Mulesoft, Inc.'/>
        <property name='org.eclipse.equinox.p2.type.group' value='true'/>
      </properties>
      <provides size='1'>
        <provided namespace='org.eclipse.equinox.p2.iu' name='org.mule.tooling.ui.extension.xero.feature.group' version='1.0.0.201208091222'/>
      </provides>
      <requires size='2'>
        <required namespace='org.eclipse.equinox.p2.iu' name='org.mule.tooling.ui.extension.xero' range='[1.0.0.201208091222,1.0.0.201208091222]'/>
        <required namespace='org.eclipse.equinox.p2.iu' name='org.mule.tooling.ui.extension.xero.feature.jar' range='[1.0.0.201208091222,1.0.0.201208091222]'>
          <filter>
            (org.eclipse.update.install.features=true)
          </filter>
        </required>
      </requires>
      <touchpoint id='null' version='0.0.0'/>
      <licenses size='1'>
        <license>

        </license>
      </licenses>
    </unit>
    <unit id='org.mule.tooling.ui.extension.xero.feature.jar' version='1.0.0.201208091222'>
      <properties size='2'>
        <property name='org.eclipse.equinox.p2.name' value='Xero Mule Studio Extension'/>
        <property name='org.eclipse.equinox.p2.provider' value='Mulesoft, Inc.'/>
      </properties>
      <provides size='3'>
        <provided namespace='org.eclipse.equinox.p2.iu' name='org.mule.tooling.ui.extension.xero.feature.jar' version='1.0.0.201208091222'/>
        <provided namespace='org.eclipse.equinox.p2.eclipse.type' name='feature' version='1.0.0'/>
        <provided namespace='org.eclipse.update.feature' name='org.mule.tooling.ui.extension.xero' version='1.0.0.201208091222'/>
      </provides>
      <filter>
        (org.eclipse.update.install.features=true)
      </filter>
      <artifacts size='1'>
        <artifact classifier='org.eclipse.update.feature' id='org.mule.tooling.ui.extension.xero' version='1.0.0.201208091222'/>
      </artifacts>
      <touchpoint id='org.eclipse.equinox.p2.osgi' version='1.0.0'/>
      <touchpointData size='1'>
        <instructions size='1'>
          <instruction key='zipped'>
            true
          </instruction>
        </instructions>
      </touchpointData>
      <licenses size='1'>
        <license>

        </license>
      </licenses>
    </unit>
    <unit id='file:/C:/Users/Andy/Documents/GitHub/mule-xero-connector/xero-connector/target/update-site/site.xml.Connectors' version='1.0.0.2--cKMyA2773573I53533C'>
      <properties size='2'>
        <property name='org.eclipse.equinox.p2.name' value='Connectors'/>
        <property name='org.eclipse.equinox.p2.type.category' value='true'/>
      </properties>
      <provides size='1'>
        <provided namespace='org.eclipse.equinox.p2.iu' name='file:/C:/Users/Andy/Documents/GitHub/mule-xero-connector/xero-connector/target/update-site/site.xml.Connectors' version='1.0.0.2--cKMyA2773573I53533C'/>
      </provides>
      <requires size='1'>
        <required namespace='org.eclipse.equinox.p2.iu' name='org.mule.tooling.ui.extension.xero.feature.group' range='[1.0.0.201208101005,1.0.0.201208101005]'/>
      </requires>
      <touchpoint id='null' version='0.0.0'/>
    </unit>
    <unit id='org.mule.tooling.ui.extension.xero.feature.jar' version='1.0.0.201208100940'>
      <properties size='2'>
        <property name='org.eclipse.equinox.p2.name' value='Xero Mule Studio Extension'/>
        <property name='org.eclipse.equinox.p2.provider' value='Mulesoft, Inc.'/>
      </properties>
      <provides size='3'>
        <provided namespace='org.eclipse.equinox.p2.iu' name='org.mule.tooling.ui.extension.xero.feature.jar' version='1.0.0.201208100940'/>
        <provided namespace='org.eclipse.equinox.p2.eclipse.type' name='feature' version='1.0.0'/>
        <provided namespace='org.eclipse.update.feature' name='org.mule.tooling.ui.extension.xero' version='1.0.0.201208100940'/>
      </provides>
      <filter>
        (org.eclipse.update.install.features=true)
      </filter>
      <artifacts size='1'>
        <artifact classifier='org.eclipse.update.feature' id='org.mule.tooling.ui.extension.xero' version='1.0.0.201208100940'/>
      </artifacts>
      <touchpoint id='org.eclipse.equinox.p2.osgi' version='1.0.0'/>
      <touchpointData size='1'>
        <instructions size='1'>
          <instruction key='zipped'>
            true
          </instruction>
        </instructions>
      </touchpointData>
      <licenses size='1'>
        <license>

        </license>
      </licenses>
    </unit>
    <unit id='org.mule.tooling.ui.extension.xero.feature.group' version='1.0.0.201208091051' singleton='false'>
      <update id='org.mule.tooling.ui.extension.xero.feature.group' range='[0.0.0,1.0.0.201208091051)' severity='0'/>
      <properties size='3'>
        <property name='org.eclipse.equinox.p2.name' value='Xero Mule Studio Extension'/>
        <property name='org.eclipse.equinox.p2.provider' value='Mulesoft, Inc.'/>
        <property name='org.eclipse.equinox.p2.type.group' value='true'/>
      </properties>
      <provides size='1'>
        <provided namespace='org.eclipse.equinox.p2.iu' name='org.mule.tooling.ui.extension.xero.feature.group' version='1.0.0.201208091051'/>
      </provides>
      <requires size='2'>
        <required namespace='org.eclipse.equinox.p2.iu' name='org.mule.tooling.ui.extension.xero' range='[1.0.0.201208091051,1.0.0.201208091051]'/>
        <required namespace='org.eclipse.equinox.p2.iu' name='org.mule.tooling.ui.extension.xero.feature.jar' range='[1.0.0.201208091051,1.0.0.201208091051]'>
          <filter>
            (org.eclipse.update.install.features=true)
          </filter>
        </required>
      </requires>
      <touchpoint id='null' version='0.0.0'/>
      <licenses size='1'>
        <license>

        </license>
      </licenses>
    </unit>
    <unit id='file:/C:/Users/Andy/Documents/GitHub/mule-xero-connector/xero-connector/target/update-site/site.xml.Connectors' version='1.0.0.2--cKMyA2773573I3K5777'>
      <properties size='2'>
        <property name='org.eclipse.equinox.p2.name' value='Connectors'/>
        <property name='org.eclipse.equinox.p2.type.category' value='true'/>
      </properties>
      <provides size='1'>
        <provided namespace='org.eclipse.equinox.p2.iu' name='file:/C:/Users/Andy/Documents/GitHub/mule-xero-connector/xero-connector/target/update-site/site.xml.Connectors' version='1.0.0.2--cKMyA2773573I3K5777'/>
      </provides>
      <requires size='1'>
        <required namespace='org.eclipse.equinox.p2.iu' name='org.mule.tooling.ui.extension.xero.feature.group' range='[1.0.0.201208091222,1.0.0.201208091222]'/>
      </requires>
      <touchpoint id='null' version='0.0.0'/>
    </unit>
    <unit id='org.mule.tooling.ui.extension.xero' version='1.0.0.201208141712'>
      <update id='org.mule.tooling.ui.extension.xero' range='[0.0.0,1.0.0.201208141712)' severity='0'/>
      <properties size='2'>
        <property name='org.eclipse.equinox.p2.name' value='Xero'/>
        <property name='org.eclipse.equinox.p2.provider' value='MuleSoft, Inc.'/>
      </properties>
      <provides size='3'>
        <provided namespace='org.eclipse.equinox.p2.iu' name='org.mule.tooling.ui.extension.xero' version='1.0.0.201208141712'/>
        <provided namespace='osgi.bundle' name='org.mule.tooling.ui.extension.xero' version='1.0.0.201208141712'/>
        <provided namespace='org.eclipse.equinox.p2.eclipse.type' name='bundle' version='1.0.0'/>
      </provides>
      <requires size='3'>
        <required namespace='osgi.bundle' name='org.eclipse.ui' range='0.0.0'/>
        <required namespace='osgi.bundle' name='org.eclipse.core.runtime' range='0.0.0'/>
        <required namespace='osgi.bundle' name='org.mule.tooling.core' range='1.0.0'/>
      </requires>
      <artifacts size='1'>
        <artifact classifier='osgi.bundle' id='org.mule.tooling.ui.extension.xero' version='1.0.0.201208141712'/>
      </artifacts>
      <touchpoint id='org.eclipse.equinox.p2.osgi' version='1.0.0'/>
      <touchpointData size='1'>
        <instructions size='2'>
          <instruction key='manifest'>
            Bundle-SymbolicName: org.mule.tooling.ui.extension.xero;singleton:=true&#xA;Bundle-Version: 1.0.0.201208141712&#xA;
          </instruction>
          <instruction key='zipped'>
            true
          </instruction>
        </instructions>
      </touchpointData>
    </unit>
    <unit id='org.mule.tooling.ui.extension.xero.feature.group' version='1.0.0.201208100940' singleton='false'>
      <update id='org.mule.tooling.ui.extension.xero.feature.group' range='[0.0.0,1.0.0.201208100940)' severity='0'/>
      <properties size='3'>
        <property name='org.eclipse.equinox.p2.name' value='Xero Mule Studio Extension'/>
        <property name='org.eclipse.equinox.p2.provider' value='Mulesoft, Inc.'/>
        <property name='org.eclipse.equinox.p2.type.group' value='true'/>
      </properties>
      <provides size='1'>
        <provided namespace='org.eclipse.equinox.p2.iu' name='org.mule.tooling.ui.extension.xero.feature.group' version='1.0.0.201208100940'/>
      </provides>
      <requires size='2'>
        <required namespace='org.eclipse.equinox.p2.iu' name='org.mule.tooling.ui.extension.xero' range='[1.0.0.201208100940,1.0.0.201208100940]'/>
        <required namespace='org.eclipse.equinox.p2.iu' name='org.mule.tooling.ui.extension.xero.feature.jar' range='[1.0.0.201208100940,1.0.0.201208100940]'>
          <filter>
            (org.eclipse.update.install.features=true)
          </filter>
        </required>
      </requires>
      <touchpoint id='null' version='0.0.0'/>
      <licenses size='1'>
        <license>

        </license>
      </licenses>
    </unit>
    <unit id='file:/C:/Users/Andy/Documents/GitHub/mule-xero-connector/xero-connector/target/update-site/site.xml.Connectors' version='1.0.0.2--cKMyA2773573I5A5G57'>
      <properties size='2'>
        <property name='org.eclipse.equinox.p2.name' value='Connectors'/>
        <property name='org.eclipse.equinox.p2.type.category' value='true'/>
      </properties>
      <provides size='1'>
        <provided namespace='org.eclipse.equinox.p2.iu' name='file:/C:/Users/Andy/Documents/GitHub/mule-xero-connector/xero-connector/target/update-site/site.xml.Connectors' version='1.0.0.2--cKMyA2773573I5A5G57'/>
      </provides>
      <requires size='1'>
        <required namespace='org.eclipse.equinox.p2.iu' name='org.mule.tooling.ui.extension.xero.feature.group' range='[1.0.0.201208141712,1.0.0.201208141712]'/>
      </requires>
      <touchpoint id='null' version='0.0.0'/>
    </unit>
    <unit id='org.mule.tooling.ui.extension.xero.feature.group' version='1.0.0.201208101005' singleton='false'>
      <update id='org.mule.tooling.ui.extension.xero.feature.group' range='[0.0.0,1.0.0.201208101005)' severity='0'/>
      <properties size='3'>
        <property name='org.eclipse.equinox.p2.name' value='Xero Mule Studio Extension'/>
        <property name='org.eclipse.equinox.p2.provider' value='Mulesoft, Inc.'/>
        <property name='org.eclipse.equinox.p2.type.group' value='true'/>
      </properties>
      <provides size='1'>
        <provided namespace='org.eclipse.equinox.p2.iu' name='org.mule.tooling.ui.extension.xero.feature.group' version='1.0.0.201208101005'/>
      </provides>
      <requires size='2'>
        <required namespace='org.eclipse.equinox.p2.iu' name='org.mule.tooling.ui.extension.xero' range='[1.0.0.201208101005,1.0.0.201208101005]'/>
        <required namespace='org.eclipse.equinox.p2.iu' name='org.mule.tooling.ui.extension.xero.feature.jar' range='[1.0.0.201208101005,1.0.0.201208101005]'>
          <filter>
            (org.eclipse.update.install.features=true)
          </filter>
        </required>
      </requires>
      <touchpoint id='null' version='0.0.0'/>
      <licenses size='1'>
        <license>

        </license>
      </licenses>
    </unit>
    <unit id='org.mule.tooling.ui.extension.xero' version='1.0.0.201208141602'>
      <update id='org.mule.tooling.ui.extension.xero' range='[0.0.0,1.0.0.201208141602)' severity='0'/>
      <properties size='2'>
        <property name='org.eclipse.equinox.p2.name' value='Xero'/>
        <property name='org.eclipse.equinox.p2.provider' value='MuleSoft, Inc.'/>
      </properties>
      <provides size='3'>
        <provided namespace='org.eclipse.equinox.p2.iu' name='org.mule.tooling.ui.extension.xero' version='1.0.0.201208141602'/>
        <provided namespace='osgi.bundle' name='org.mule.tooling.ui.extension.xero' version='1.0.0.201208141602'/>
        <provided namespace='org.eclipse.equinox.p2.eclipse.type' name='bundle' version='1.0.0'/>
      </provides>
      <requires size='3'>
        <required namespace='osgi.bundle' name='org.eclipse.ui' range='0.0.0'/>
        <required namespace='osgi.bundle' name='org.eclipse.core.runtime' range='0.0.0'/>
        <required namespace='osgi.bundle' name='org.mule.tooling.core' range='1.0.0'/>
      </requires>
      <artifacts size='1'>
        <artifact classifier='osgi.bundle' id='org.mule.tooling.ui.extension.xero' version='1.0.0.201208141602'/>
      </artifacts>
      <touchpoint id='org.eclipse.equinox.p2.osgi' version='1.0.0'/>
      <touchpointData size='1'>
        <instructions size='2'>
          <instruction key='manifest'>
            Bundle-SymbolicName: org.mule.tooling.ui.extension.xero;singleton:=true&#xA;Bundle-Version: 1.0.0.201208141602
          </instruction>
          <instruction key='zipped'>
            true
          </instruction>
        </instructions>
      </touchpointData>
    </unit>
    <unit id='org.mule.tooling.ui.extension.xero.feature.group' version='1.0.0.201208141712' singleton='false'>
      <update id='org.mule.tooling.ui.extension.xero.feature.group' range='[0.0.0,1.0.0.201208141712)' severity='0'/>
      <properties size='3'>
        <property name='org.eclipse.equinox.p2.name' value='Xero Mule Studio Extension'/>
        <property name='org.eclipse.equinox.p2.provider' value='Mulesoft, Inc.'/>
        <property name='org.eclipse.equinox.p2.type.group' value='true'/>
      </properties>
      <provides size='1'>
        <provided namespace='org.eclipse.equinox.p2.iu' name='org.mule.tooling.ui.extension.xero.feature.group' version='1.0.0.201208141712'/>
      </provides>
      <requires size='2'>
        <required namespace='org.eclipse.equinox.p2.iu' name='org.mule.tooling.ui.extension.xero' range='[1.0.0.201208141712,1.0.0.201208141712]'/>
        <required namespace='org.eclipse.equinox.p2.iu' name='org.mule.tooling.ui.extension.xero.feature.jar' range='[1.0.0.201208141712,1.0.0.201208141712]'>
          <filter>
            (org.eclipse.update.install.features=true)
          </filter>
        </required>
      </requires>
      <touchpoint id='null' version='0.0.0'/>
      <licenses size='1'>
        <license>

        </license>
      </licenses>
    </unit>
    <unit id='org.mule.tooling.ui.extension.xero.feature.jar' version='1.0.0.201208131002'>
      <properties size='2'>
        <property name='org.eclipse.equinox.p2.name' value='Xero Mule Studio Extension'/>
        <property name='org.eclipse.equinox.p2.provider' value='Mulesoft, Inc.'/>
      </properties>
      <provides size='3'>
        <provided namespace='org.eclipse.equinox.p2.iu' name='org.mule.tooling.ui.extension.xero.feature.jar' version='1.0.0.201208131002'/>
        <provided namespace='org.eclipse.equinox.p2.eclipse.type' name='feature' version='1.0.0'/>
        <provided namespace='org.eclipse.update.feature' name='org.mule.tooling.ui.extension.xero' version='1.0.0.201208131002'/>
      </provides>
      <filter>
        (org.eclipse.update.install.features=true)
      </filter>
      <artifacts size='1'>
        <artifact classifier='org.eclipse.update.feature' id='org.mule.tooling.ui.extension.xero' version='1.0.0.201208131002'/>
      </artifacts>
      <touchpoint id='org.eclipse.equinox.p2.osgi' version='1.0.0'/>
      <touchpointData size='1'>
        <instructions size='1'>
          <instruction key='zipped'>
            true
          </instruction>
        </instructions>
      </touchpointData>
      <licenses size='1'>
        <license>

        </license>
      </licenses>
    </unit>
    <unit id='org.mule.tooling.ui.extension.xero.feature.group' version='1.0.0.201208101002' singleton='false'>
      <update id='org.mule.tooling.ui.extension.xero.feature.group' range='[0.0.0,1.0.0.201208101002)' severity='0'/>
      <properties size='3'>
        <property name='org.eclipse.equinox.p2.name' value='Xero Mule Studio Extension'/>
        <property name='org.eclipse.equinox.p2.provider' value='Mulesoft, Inc.'/>
        <property name='org.eclipse.equinox.p2.type.group' value='true'/>
      </properties>
      <provides size='1'>
        <provided namespace='org.eclipse.equinox.p2.iu' name='org.mule.tooling.ui.extension.xero.feature.group' version='1.0.0.201208101002'/>
      </provides>
      <requires size='2'>
        <required namespace='org.eclipse.equinox.p2.iu' name='org.mule.tooling.ui.extension.xero' range='[1.0.0.201208101002,1.0.0.201208101002]'/>
        <required namespace='org.eclipse.equinox.p2.iu' name='org.mule.tooling.ui.extension.xero.feature.jar' range='[1.0.0.201208101002,1.0.0.201208101002]'>
          <filter>
            (org.eclipse.update.install.features=true)
          </filter>
        </required>
      </requires>
      <touchpoint id='null' version='0.0.0'/>
      <licenses size='1'>
        <license>

        </license>
      </licenses>
    </unit>
    <unit id='org.mule.tooling.ui.extension.xero' version='1.0.0.201208091222'>
      <update id='org.mule.tooling.ui.extension.xero' range='[0.0.0,1.0.0.201208091222)' severity='0'/>
      <properties size='2'>
        <property name='org.eclipse.equinox.p2.name' value='Xero'/>
        <property name='org.eclipse.equinox.p2.provider' value='MuleSoft, Inc.'/>
      </properties>
      <provides size='3'>
        <provided namespace='org.eclipse.equinox.p2.iu' name='org.mule.tooling.ui.extension.xero' version='1.0.0.201208091222'/>
        <provided namespace='osgi.bundle' name='org.mule.tooling.ui.extension.xero' version='1.0.0.201208091222'/>
        <provided namespace='org.eclipse.equinox.p2.eclipse.type' name='bundle' version='1.0.0'/>
      </provides>
      <requires size='3'>
        <required namespace='osgi.bundle' name='org.eclipse.ui' range='0.0.0'/>
        <required namespace='osgi.bundle' name='org.eclipse.core.runtime' range='0.0.0'/>
        <required namespace='osgi.bundle' name='org.mule.tooling.core' range='1.0.0'/>
      </requires>
      <artifacts size='1'>
        <artifact classifier='osgi.bundle' id='org.mule.tooling.ui.extension.xero' version='1.0.0.201208091222'/>
      </artifacts>
      <touchpoint id='org.eclipse.equinox.p2.osgi' version='1.0.0'/>
      <touchpointData size='1'>
        <instructions size='2'>
          <instruction key='manifest'>
            Bundle-SymbolicName: org.mule.tooling.ui.extension.xero;singleton:=true&#xA;Bundle-Version: 1.0.0.201208091222
          </instruction>
          <instruction key='zipped'>
            true
          </instruction>
        </instructions>
      </touchpointData>
    </unit>
    <unit id='file:/C:/Users/Andy/Documents/GitHub/mule-xero-connector/xero-connector/target/update-site/site.xml.Connectors' version='1.0.0.2--cKMyA2773573I535337'>
      <properties size='2'>
        <property name='org.eclipse.equinox.p2.name' value='Connectors'/>
        <property name='org.eclipse.equinox.p2.type.category' value='true'/>
      </properties>
      <provides size='1'>
        <provided namespace='org.eclipse.equinox.p2.iu' name='file:/C:/Users/Andy/Documents/GitHub/mule-xero-connector/xero-connector/target/update-site/site.xml.Connectors' version='1.0.0.2--cKMyA2773573I535337'/>
      </provides>
      <requires size='1'>
        <required namespace='org.eclipse.equinox.p2.iu' name='org.mule.tooling.ui.extension.xero.feature.group' range='[1.0.0.201208101002,1.0.0.201208101002]'/>
      </requires>
      <touchpoint id='null' version='0.0.0'/>
    </unit>
    <unit id='file:/C:/Users/Andy/Documents/GitHub/mule-xero-connector/xero-connector/target/update-site/site.xml.Connectors' version='1.0.0.2--cKMyA2773573I5A5E37'>
      <properties size='2'>
        <property name='org.eclipse.equinox.p2.name' value='Connectors'/>
        <property name='org.eclipse.equinox.p2.type.category' value='true'/>
      </properties>
      <provides size='1'>
        <provided namespace='org.eclipse.equinox.p2.iu' name='file:/C:/Users/Andy/Documents/GitHub/mule-xero-connector/xero-connector/target/update-site/site.xml.Connectors' version='1.0.0.2--cKMyA2773573I5A5E37'/>
      </provides>
      <requires size='1'>
        <required namespace='org.eclipse.equinox.p2.iu' name='org.mule.tooling.ui.extension.xero.feature.group' range='[1.0.0.201208141602,1.0.0.201208141602]'/>
      </requires>
      <touchpoint id='null' version='0.0.0'/>
    </unit>
    <unit id='org.mule.tooling.ui.extension.xero.feature.jar' version='1.0.0.201208141712'>
      <properties size='2'>
        <property name='org.eclipse.equinox.p2.name' value='Xero Mule Studio Extension'/>
        <property name='org.eclipse.equinox.p2.provider' value='Mulesoft, Inc.'/>
      </properties>
      <provides size='3'>
        <provided namespace='org.eclipse.equinox.p2.iu' name='org.mule.tooling.ui.extension.xero.feature.jar' version='1.0.0.201208141712'/>
        <provided namespace='org.eclipse.equinox.p2.eclipse.type' name='feature' version='1.0.0'/>
        <provided namespace='org.eclipse.update.feature' name='org.mule.tooling.ui.extension.xero' version='1.0.0.201208141712'/>
      </provides>
      <filter>
        (org.eclipse.update.install.features=true)
      </filter>
      <artifacts size='1'>
        <artifact classifier='org.eclipse.update.feature' id='org.mule.tooling.ui.extension.xero' version='1.0.0.201208141712'/>
      </artifacts>
      <touchpoint id='org.eclipse.equinox.p2.osgi' version='1.0.0'/>
      <touchpointData size='1'>
        <instructions size='1'>
          <instruction key='zipped'>
            true
          </instruction>
        </instructions>
      </touchpointData>
      <licenses size='1'>
        <license>

        </license>
      </licenses>
    </unit>
    <unit id='org.mule.tooling.ui.extension.xero.feature.jar' version='1.0.0.201208101002'>
      <properties size='2'>
        <property name='org.eclipse.equinox.p2.name' value='Xero Mule Studio Extension'/>
        <property name='org.eclipse.equinox.p2.provider' value='Mulesoft, Inc.'/>
      </properties>
      <provides size='3'>
        <provided namespace='org.eclipse.equinox.p2.iu' name='org.mule.tooling.ui.extension.xero.feature.jar' version='1.0.0.201208101002'/>
        <provided namespace='org.eclipse.equinox.p2.eclipse.type' name='feature' version='1.0.0'/>
        <provided namespace='org.eclipse.update.feature' name='org.mule.tooling.ui.extension.xero' version='1.0.0.201208101002'/>
      </provides>
      <filter>
        (org.eclipse.update.install.features=true)
      </filter>
      <artifacts size='1'>
        <artifact classifier='org.eclipse.update.feature' id='org.mule.tooling.ui.extension.xero' version='1.0.0.201208101002'/>
      </artifacts>
      <touchpoint id='org.eclipse.equinox.p2.osgi' version='1.0.0'/>
      <touchpointData size='1'>
        <instructions size='1'>
          <instruction key='zipped'>
            true
          </instruction>
        </instructions>
      </touchpointData>
      <licenses size='1'>
        <license>

        </license>
      </licenses>
    </unit>
    <unit id='org.mule.tooling.ui.extension.xero.feature.jar' version='1.0.0.201208101005'>
      <properties size='2'>
        <property name='org.eclipse.equinox.p2.name' value='Xero Mule Studio Extension'/>
        <property name='org.eclipse.equinox.p2.provider' value='Mulesoft, Inc.'/>
      </properties>
      <provides size='3'>
        <provided namespace='org.eclipse.equinox.p2.iu' name='org.mule.tooling.ui.extension.xero.feature.jar' version='1.0.0.201208101005'/>
        <provided namespace='org.eclipse.equinox.p2.eclipse.type' name='feature' version='1.0.0'/>
        <provided namespace='org.eclipse.update.feature' name='org.mule.tooling.ui.extension.xero' version='1.0.0.201208101005'/>
      </provides>
      <filter>
        (org.eclipse.update.install.features=true)
      </filter>
      <artifacts size='1'>
        <artifact classifier='org.eclipse.update.feature' id='org.mule.tooling.ui.extension.xero' version='1.0.0.201208101005'/>
      </artifacts>
      <touchpoint id='org.eclipse.equinox.p2.osgi' version='1.0.0'/>
      <touchpointData size='1'>
        <instructions size='1'>
          <instruction key='zipped'>
            true
          </instruction>
        </instructions>
      </touchpointData>
      <licenses size='1'>
        <license>

        </license>
      </licenses>
    </unit>
    <unit id='org.mule.tooling.ui.extension.xero' version='1.0.0.201208101002'>
      <update id='org.mule.tooling.ui.extension.xero' range='[0.0.0,1.0.0.201208101002)' severity='0'/>
      <properties size='2'>
        <property name='org.eclipse.equinox.p2.name' value='Xero'/>
        <property name='org.eclipse.equinox.p2.provider' value='MuleSoft, Inc.'/>
      </properties>
      <provides size='3'>
        <provided namespace='org.eclipse.equinox.p2.iu' name='org.mule.tooling.ui.extension.xero' version='1.0.0.201208101002'/>
        <provided namespace='osgi.bundle' name='org.mule.tooling.ui.extension.xero' version='1.0.0.201208101002'/>
        <provided namespace='org.eclipse.equinox.p2.eclipse.type' name='bundle' version='1.0.0'/>
      </provides>
      <requires size='3'>
        <required namespace='osgi.bundle' name='org.eclipse.ui' range='0.0.0'/>
        <required namespace='osgi.bundle' name='org.eclipse.core.runtime' range='0.0.0'/>
        <required namespace='osgi.bundle' name='org.mule.tooling.core' range='1.0.0'/>
      </requires>
      <artifacts size='1'>
        <artifact classifier='osgi.bundle' id='org.mule.tooling.ui.extension.xero' version='1.0.0.201208101002'/>
      </artifacts>
      <touchpoint id='org.eclipse.equinox.p2.osgi' version='1.0.0'/>
      <touchpointData size='1'>
        <instructions size='2'>
          <instruction key='manifest'>
            Bundle-SymbolicName: org.mule.tooling.ui.extension.xero;singleton:=true&#xA;Bundle-Version: 1.0.0.201208101002
          </instruction>
          <instruction key='zipped'>
            true
          </instruction>
        </instructions>
      </touchpointData>
    </unit>
    <unit id='org.mule.tooling.ui.extension.xero' version='1.0.0.201208131002'>
      <update id='org.mule.tooling.ui.extension.xero' range='[0.0.0,1.0.0.201208131002)' severity='0'/>
      <properties size='2'>
        <property name='org.eclipse.equinox.p2.name' value='Xero'/>
        <property name='org.eclipse.equinox.p2.provider' value='MuleSoft, Inc.'/>
      </properties>
      <provides size='3'>
        <provided namespace='org.eclipse.equinox.p2.iu' name='org.mule.tooling.ui.extension.xero' version='1.0.0.201208131002'/>
        <provided namespace='osgi.bundle' name='org.mule.tooling.ui.extension.xero' version='1.0.0.201208131002'/>
        <provided namespace='org.eclipse.equinox.p2.eclipse.type' name='bundle' version='1.0.0'/>
      </provides>
      <requires size='3'>
        <required namespace='osgi.bundle' name='org.eclipse.ui' range='0.0.0'/>
        <required namespace='osgi.bundle' name='org.eclipse.core.runtime' range='0.0.0'/>
        <required namespace='osgi.bundle' name='org.mule.tooling.core' range='1.0.0'/>
      </requires>
      <artifacts size='1'>
        <artifact classifier='osgi.bundle' id='org.mule.tooling.ui.extension.xero' version='1.0.0.201208131002'/>
      </artifacts>
      <touchpoint id='org.eclipse.equinox.p2.osgi' version='1.0.0'/>
      <touchpointData size='1'>
        <instructions size='2'>
          <instruction key='manifest'>
            Bundle-SymbolicName: org.mule.tooling.ui.extension.xero;singleton:=true&#xA;Bundle-Version: 1.0.0.201208131002
          </instruction>
          <instruction key='zipped'>
            true
          </instruction>
        </instructions>
      </touchpointData>
    </unit>
    <unit id='org.mule.tooling.ui.extension.xero' version='1.0.0.201208101005'>
      <update id='org.mule.tooling.ui.extension.xero' range='[0.0.0,1.0.0.201208101005)' severity='0'/>
      <properties size='2'>
        <property name='org.eclipse.equinox.p2.name' value='Xero'/>
        <property name='org.eclipse.equinox.p2.provider' value='MuleSoft, Inc.'/>
      </properties>
      <provides size='3'>
        <provided namespace='org.eclipse.equinox.p2.iu' name='org.mule.tooling.ui.extension.xero' version='1.0.0.201208101005'/>
        <provided namespace='osgi.bundle' name='org.mule.tooling.ui.extension.xero' version='1.0.0.201208101005'/>
        <provided namespace='org.eclipse.equinox.p2.eclipse.type' name='bundle' version='1.0.0'/>
      </provides>
      <requires size='3'>
        <required namespace='osgi.bundle' name='org.eclipse.ui' range='0.0.0'/>
        <required namespace='osgi.bundle' name='org.eclipse.core.runtime' range='0.0.0'/>
        <required namespace='osgi.bundle' name='org.mule.tooling.core' range='1.0.0'/>
      </requires>
      <artifacts size='1'>
        <artifact classifier='osgi.bundle' id='org.mule.tooling.ui.extension.xero' version='1.0.0.201208101005'/>
      </artifacts>
      <touchpoint id='org.eclipse.equinox.p2.osgi' version='1.0.0'/>
      <touchpointData size='1'>
        <instructions size='2'>
          <instruction key='manifest'>
            Bundle-SymbolicName: org.mule.tooling.ui.extension.xero;singleton:=true&#xA;Bundle-Version: 1.0.0.201208101005
          </instruction>
          <instruction key='zipped'>
            true
          </instruction>
        </instructions>
      </touchpointData>
    </unit>
    <unit id='org.mule.tooling.ui.extension.xero.feature.group' version='1.0.0.201208141602' singleton='false'>
      <update id='org.mule.tooling.ui.extension.xero.feature.group' range='[0.0.0,1.0.0.201208141602)' severity='0'/>
      <properties size='3'>
        <property name='org.eclipse.equinox.p2.name' value='Xero Mule Studio Extension'/>
        <property name='org.eclipse.equinox.p2.provider' value='Mulesoft, Inc.'/>
        <property name='org.eclipse.equinox.p2.type.group' value='true'/>
      </properties>
      <provides size='1'>
        <provided namespace='org.eclipse.equinox.p2.iu' name='org.mule.tooling.ui.extension.xero.feature.group' version='1.0.0.201208141602'/>
      </provides>
      <requires size='2'>
        <required namespace='org.eclipse.equinox.p2.iu' name='org.mule.tooling.ui.extension.xero' range='[1.0.0.201208141602,1.0.0.201208141602]'/>
        <required namespace='org.eclipse.equinox.p2.iu' name='org.mule.tooling.ui.extension.xero.feature.jar' range='[1.0.0.201208141602,1.0.0.201208141602]'>
          <filter>
            (org.eclipse.update.install.features=true)
          </filter>
        </required>
      </requires>
      <touchpoint id='null' version='0.0.0'/>
      <licenses size='1'>
        <license>

        </license>
      </licenses>
    </unit>
    <unit id='file:/C:/Users/Andy/Documents/GitHub/mule-xero-connector/xero-connector/target/update-site/site.xml.Connectors' version='1.0.0.2--cKMyA2773573I595337'>
      <properties size='2'>
        <property name='org.eclipse.equinox.p2.name' value='Connectors'/>
        <property name='org.eclipse.equinox.p2.type.category' value='true'/>
      </properties>
      <provides size='1'>
        <provided namespace='org.eclipse.equinox.p2.iu' name='file:/C:/Users/Andy/Documents/GitHub/mule-xero-connector/xero-connector/target/update-site/site.xml.Connectors' version='1.0.0.2--cKMyA2773573I595337'/>
      </provides>
      <requires size='1'>
        <required namespace='org.eclipse.equinox.p2.iu' name='org.mule.tooling.ui.extension.xero.feature.group' range='[1.0.0.201208131002,1.0.0.201208131002]'/>
      </requires>
      <touchpoint id='null' version='0.0.0'/>
    </unit>
  </units>
</repository>
