<?xml version='1.0' encoding='UTF-8'?>
<?metadataRepository version='1.1.0'?>
<repository name='file:/C:/Users/Andy/Documents/GitHub/mule-dev/xero-connector/target/update-site/ - metadata' type='org.eclipse.equinox.internal.p2.metadata.repository.LocalMetadataRepository' version='1.0.0'>
  <properties size='2'>
    <property name='p2.timestamp' value='1344478933266'/>
    <property name='p2.compressed' value='false'/>
  </properties>
  <units size='8'>
    <unit id='org.mule.tooling.ui.extension.xero.feature.group' version='1.0.0.201208091222' singleton='false'>
      <update id='org.mule.tooling.ui.extension.xero.feature.group' range='[0.0.0,1.0.0.201208091222)' severity='0'/>
      <properties size='3'>
        <property name='org.eclipse.equinox.p2.name' value='Xero Mule Studio Extension'/>
        <property name='org.eclipse.equinox.p2.provider' value='Mulesoft, Inc.'/>
        <property name='org.eclipse.equinox.p2.type.group' value='true'/>
      </properties>
      <provides size='1'>
        <provided namespace='org.eclipse.equinox.p2.iu' name='org.mule.tooling.ui.extension.xero.feature.group' version='1.0.0.201208091222'/>
      </provides>
      <requires size='2'>
        <required namespace='org.eclipse.equinox.p2.iu' name='org.mule.tooling.ui.extension.xero' range='[1.0.0.201208091222,1.0.0.201208091222]'/>
        <required namespace='org.eclipse.equinox.p2.iu' name='org.mule.tooling.ui.extension.xero.feature.jar' range='[1.0.0.201208091222,1.0.0.201208091222]'>
          <filter>
            (org.eclipse.update.install.features=true)
          </filter>
        </required>
      </requires>
      <touchpoint id='null' version='0.0.0'/>
      <licenses size='1'>
        <license>

        </license>
      </licenses>
    </unit>
    <unit id='org.mule.tooling.ui.extension.xero.feature.jar' version='1.0.0.201208091222'>
      <properties size='2'>
        <property name='org.eclipse.equinox.p2.name' value='Xero Mule Studio Extension'/>
        <property name='org.eclipse.equinox.p2.provider' value='Mulesoft, Inc.'/>
      </properties>
      <provides size='3'>
        <provided namespace='org.eclipse.equinox.p2.iu' name='org.mule.tooling.ui.extension.xero.feature.jar' version='1.0.0.201208091222'/>
        <provided namespace='org.eclipse.equinox.p2.eclipse.type' name='feature' version='1.0.0'/>
        <provided namespace='org.eclipse.update.feature' name='org.mule.tooling.ui.extension.xero' version='1.0.0.201208091222'/>
      </provides>
      <filter>
        (org.eclipse.update.install.features=true)
      </filter>
      <artifacts size='1'>
        <artifact classifier='org.eclipse.update.feature' id='org.mule.tooling.ui.extension.xero' version='1.0.0.201208091222'/>
      </artifacts>
      <touchpoint id='org.eclipse.equinox.p2.osgi' version='1.0.0'/>
      <touchpointData size='1'>
        <instructions size='1'>
          <instruction key='zipped'>
            true
          </instruction>
        </instructions>
      </touchpointData>
      <licenses size='1'>
        <license>

        </license>
      </licenses>
    </unit>
    <unit id='org.mule.tooling.ui.extension.xero' version='1.0.0.201208091222'>
      <update id='org.mule.tooling.ui.extension.xero' range='[0.0.0,1.0.0.201208091222)' severity='0'/>
      <properties size='2'>
        <property name='org.eclipse.equinox.p2.name' value='Xero'/>
        <property name='org.eclipse.equinox.p2.provider' value='MuleSoft, Inc.'/>
      </properties>
      <provides size='3'>
        <provided namespace='org.eclipse.equinox.p2.iu' name='org.mule.tooling.ui.extension.xero' version='1.0.0.201208091222'/>
        <provided namespace='osgi.bundle' name='org.mule.tooling.ui.extension.xero' version='1.0.0.201208091222'/>
        <provided namespace='org.eclipse.equinox.p2.eclipse.type' name='bundle' version='1.0.0'/>
      </provides>
      <requires size='3'>
        <required namespace='osgi.bundle' name='org.eclipse.ui' range='0.0.0'/>
        <required namespace='osgi.bundle' name='org.eclipse.core.runtime' range='0.0.0'/>
        <required namespace='osgi.bundle' name='org.mule.tooling.core' range='1.0.0'/>
      </requires>
      <artifacts size='1'>
        <artifact classifier='osgi.bundle' id='org.mule.tooling.ui.extension.xero' version='1.0.0.201208091222'/>
      </artifacts>
      <touchpoint id='org.eclipse.equinox.p2.osgi' version='1.0.0'/>
      <touchpointData size='1'>
        <instructions size='2'>
          <instruction key='manifest'>
            Bundle-SymbolicName: org.mule.tooling.ui.extension.xero;singleton:=true&#xA;Bundle-Version: 1.0.0.201208091222&#xA;
          </instruction>
          <instruction key='zipped'>
            true
          </instruction>
        </instructions>
      </touchpointData>
    </unit>
    <unit id='org.mule.tooling.ui.extension.xero.feature.group' version='1.0.0.201208091051' singleton='false'>
      <update id='org.mule.tooling.ui.extension.xero.feature.group' range='[0.0.0,1.0.0.201208091051)' severity='0'/>
      <properties size='3'>
        <property name='org.eclipse.equinox.p2.name' value='Xero Mule Studio Extension'/>
        <property name='org.eclipse.equinox.p2.provider' value='Mulesoft, Inc.'/>
        <property name='org.eclipse.equinox.p2.type.group' value='true'/>
      </properties>
      <provides size='1'>
        <provided namespace='org.eclipse.equinox.p2.iu' name='org.mule.tooling.ui.extension.xero.feature.group' version='1.0.0.201208091051'/>
      </provides>
      <requires size='2'>
        <required namespace='org.eclipse.equinox.p2.iu' name='org.mule.tooling.ui.extension.xero' range='[1.0.0.201208091051,1.0.0.201208091051]'/>
        <required namespace='org.eclipse.equinox.p2.iu' name='org.mule.tooling.ui.extension.xero.feature.jar' range='[1.0.0.201208091051,1.0.0.201208091051]'>
          <filter>
            (org.eclipse.update.install.features=true)
          </filter>
        </required>
      </requires>
      <touchpoint id='null' version='0.0.0'/>
      <licenses size='1'>
        <license>

        </license>
      </licenses>
    </unit>
    <unit id='file:/C:/Users/Andy/Documents/GitHub/mule-dev/xero-connector/target/update-site/site.xml.Connectors' version='1.0.0.2--cKMyA2773573I3K53C5'>
      <properties size='2'>
        <property name='org.eclipse.equinox.p2.name' value='Connectors'/>
        <property name='org.eclipse.equinox.p2.type.category' value='true'/>
      </properties>
      <provides size='1'>
        <provided namespace='org.eclipse.equinox.p2.iu' name='file:/C:/Users/Andy/Documents/GitHub/mule-dev/xero-connector/target/update-site/site.xml.Connectors' version='1.0.0.2--cKMyA2773573I3K53C5'/>
      </provides>
      <requires size='1'>
        <required namespace='org.eclipse.equinox.p2.iu' name='org.mule.tooling.ui.extension.xero.feature.group' range='[1.0.0.201208091051,1.0.0.201208091051]'/>
      </requires>
      <touchpoint id='null' version='0.0.0'/>
    </unit>
    <unit id='file:/C:/Users/Andy/Documents/GitHub/mule-xero-connector/xero-connector/target/update-site/site.xml.Connectors' version='1.0.0.2--cKMyA2773573I3K5777'>
      <properties size='2'>
        <property name='org.eclipse.equinox.p2.name' value='Connectors'/>
        <property name='org.eclipse.equinox.p2.type.category' value='true'/>
      </properties>
      <provides size='1'>
        <provided namespace='org.eclipse.equinox.p2.iu' name='file:/C:/Users/Andy/Documents/GitHub/mule-xero-connector/xero-connector/target/update-site/site.xml.Connectors' version='1.0.0.2--cKMyA2773573I3K5777'/>
      </provides>
      <requires size='1'>
        <required namespace='org.eclipse.equinox.p2.iu' name='org.mule.tooling.ui.extension.xero.feature.group' range='[1.0.0.201208091222,1.0.0.201208091222]'/>
      </requires>
      <touchpoint id='null' version='0.0.0'/>
    </unit>
    <unit id='org.mule.tooling.ui.extension.xero.feature.jar' version='1.0.0.201208091051'>
      <properties size='2'>
        <property name='org.eclipse.equinox.p2.name' value='Xero Mule Studio Extension'/>
        <property name='org.eclipse.equinox.p2.provider' value='Mulesoft, Inc.'/>
      </properties>
      <provides size='3'>
        <provided namespace='org.eclipse.equinox.p2.iu' name='org.mule.tooling.ui.extension.xero.feature.jar' version='1.0.0.201208091051'/>
        <provided namespace='org.eclipse.equinox.p2.eclipse.type' name='feature' version='1.0.0'/>
        <provided namespace='org.eclipse.update.feature' name='org.mule.tooling.ui.extension.xero' version='1.0.0.201208091051'/>
      </provides>
      <filter>
        (org.eclipse.update.install.features=true)
      </filter>
      <artifacts size='1'>
        <artifact classifier='org.eclipse.update.feature' id='org.mule.tooling.ui.extension.xero' version='1.0.0.201208091051'/>
      </artifacts>
      <touchpoint id='org.eclipse.equinox.p2.osgi' version='1.0.0'/>
      <touchpointData size='1'>
        <instructions size='1'>
          <instruction key='zipped'>
            true
          </instruction>
        </instructions>
      </touchpointData>
      <licenses size='1'>
        <license>

        </license>
      </licenses>
    </unit>
    <unit id='org.mule.tooling.ui.extension.xero' version='1.0.0.201208091051'>
      <update id='org.mule.tooling.ui.extension.xero' range='[0.0.0,1.0.0.201208091051)' severity='0'/>
      <properties size='2'>
        <property name='org.eclipse.equinox.p2.name' value='Xero'/>
        <property name='org.eclipse.equinox.p2.provider' value='MuleSoft, Inc.'/>
      </properties>
      <provides size='3'>
        <provided namespace='org.eclipse.equinox.p2.iu' name='org.mule.tooling.ui.extension.xero' version='1.0.0.201208091051'/>
        <provided namespace='osgi.bundle' name='org.mule.tooling.ui.extension.xero' version='1.0.0.201208091051'/>
        <provided namespace='org.eclipse.equinox.p2.eclipse.type' name='bundle' version='1.0.0'/>
      </provides>
      <requires size='3'>
        <required namespace='osgi.bundle' name='org.eclipse.ui' range='0.0.0'/>
        <required namespace='osgi.bundle' name='org.eclipse.core.runtime' range='0.0.0'/>
        <required namespace='osgi.bundle' name='org.mule.tooling.core' range='1.0.0'/>
      </requires>
      <artifacts size='1'>
        <artifact classifier='osgi.bundle' id='org.mule.tooling.ui.extension.xero' version='1.0.0.201208091051'/>
      </artifacts>
      <touchpoint id='org.eclipse.equinox.p2.osgi' version='1.0.0'/>
      <touchpointData size='1'>
        <instructions size='2'>
          <instruction key='manifest'>
            Bundle-SymbolicName: org.mule.tooling.ui.extension.xero;singleton:=true&#xA;Bundle-Version: 1.0.0.201208091051
          </instruction>
          <instruction key='zipped'>
            true
          </instruction>
        </instructions>
      </touchpointData>
    </unit>
  </units>
</repository>
