<?xml version='1.0' encoding='UTF-8'?>
<?metadataRepository version='1.1.0'?>
<repository name='file:/C:/Users/Andy/Documents/GitHub/mule-xero-connector/xero-connector/target/update-site/ - metadata' type='org.eclipse.equinox.internal.p2.metadata.repository.LocalMetadataRepository' version='1.0.0'>
  <properties size='2'>
    <property name='p2.timestamp' value='1352240381113'/>
    <property name='p2.compressed' value='false'/>
  </properties>
  <units size='16'>
    <unit id='org.mule.tooling.ui.extension.xero.feature.jar' version='1.0.0.201211070854'>
      <properties size='2'>
        <property name='org.eclipse.equinox.p2.name' value='Xero Mule Studio Extension'/>
        <property name='org.eclipse.equinox.p2.provider' value='Mulesoft, Inc.'/>
      </properties>
      <provides size='3'>
        <provided namespace='org.eclipse.equinox.p2.iu' name='org.mule.tooling.ui.extension.xero.feature.jar' version='1.0.0.201211070854'/>
        <provided namespace='org.eclipse.equinox.p2.eclipse.type' name='feature' version='1.0.0'/>
        <provided namespace='org.eclipse.update.feature' name='org.mule.tooling.ui.extension.xero' version='1.0.0.201211070854'/>
      </provides>
      <filter>
        (org.eclipse.update.install.features=true)
      </filter>
      <artifacts size='1'>
        <artifact classifier='org.eclipse.update.feature' id='org.mule.tooling.ui.extension.xero' version='1.0.0.201211070854'/>
      </artifacts>
      <touchpoint id='org.eclipse.equinox.p2.osgi' version='1.0.0'/>
      <touchpointData size='1'>
        <instructions size='1'>
          <instruction key='zipped'>
            true
          </instruction>
        </instructions>
      </touchpointData>
      <licenses size='1'>
        <license>

        </license>
      </licenses>
    </unit>
    <unit id='file:/C:/Users/Andy/Documents/GitHub/mule-xero-connector/xero-connector/target/update-site/site.xml.Connectors' version='1.0.0.2--cKMyA277357553E5GAC'>
      <properties size='2'>
        <property name='org.eclipse.equinox.p2.name' value='Connectors'/>
        <property name='org.eclipse.equinox.p2.type.category' value='true'/>
      </properties>
      <provides size='1'>
        <provided namespace='org.eclipse.equinox.p2.iu' name='file:/C:/Users/Andy/Documents/GitHub/mule-xero-connector/xero-connector/target/update-site/site.xml.Connectors' version='1.0.0.2--cKMyA277357553E5GAC'/>
      </provides>
      <requires size='1'>
        <required namespace='org.eclipse.equinox.p2.iu' name='org.mule.tooling.ui.extension.xero.feature.group' range='[1.0.0.201211061745,1.0.0.201211061745]'/>
      </requires>
      <touchpoint id='null' version='0.0.0'/>
    </unit>
    <unit id='org.mule.tooling.ui.extension.xero.feature.group' version='1.0.0.201211070854' singleton='false'>
      <update id='org.mule.tooling.ui.extension.xero.feature.group' range='[0.0.0,1.0.0.201211070854)' severity='0'/>
      <properties size='3'>
        <property name='org.eclipse.equinox.p2.name' value='Xero Mule Studio Extension'/>
        <property name='org.eclipse.equinox.p2.provider' value='Mulesoft, Inc.'/>
        <property name='org.eclipse.equinox.p2.type.group' value='true'/>
      </properties>
      <provides size='1'>
        <provided namespace='org.eclipse.equinox.p2.iu' name='org.mule.tooling.ui.extension.xero.feature.group' version='1.0.0.201211070854'/>
      </provides>
      <requires size='2'>
        <required namespace='org.eclipse.equinox.p2.iu' name='org.mule.tooling.ui.extension.xero' range='[1.0.0.201211070854,1.0.0.201211070854]'/>
        <required namespace='org.eclipse.equinox.p2.iu' name='org.mule.tooling.ui.extension.xero.feature.jar' range='[1.0.0.201211070854,1.0.0.201211070854]'>
          <filter>
            (org.eclipse.update.install.features=true)
          </filter>
        </required>
      </requires>
      <touchpoint id='null' version='0.0.0'/>
      <licenses size='1'>
        <license>

        </license>
      </licenses>
    </unit>
    <unit id='org.mule.tooling.ui.extension.xero' version='1.0.0.201211061745'>
      <update id='org.mule.tooling.ui.extension.xero' range='[0.0.0,1.0.0.201211061745)' severity='0'/>
      <properties size='2'>
        <property name='org.eclipse.equinox.p2.name' value='Xero'/>
        <property name='org.eclipse.equinox.p2.provider' value='MuleSoft, Inc.'/>
      </properties>
      <provides size='3'>
        <provided namespace='org.eclipse.equinox.p2.iu' name='org.mule.tooling.ui.extension.xero' version='1.0.0.201211061745'/>
        <provided namespace='osgi.bundle' name='org.mule.tooling.ui.extension.xero' version='1.0.0.201211061745'/>
        <provided namespace='org.eclipse.equinox.p2.eclipse.type' name='bundle' version='1.0.0'/>
      </provides>
      <requires size='3'>
        <required namespace='osgi.bundle' name='org.eclipse.ui' range='0.0.0'/>
        <required namespace='osgi.bundle' name='org.eclipse.core.runtime' range='0.0.0'/>
        <required namespace='osgi.bundle' name='org.mule.tooling.core' range='1.0.0'/>
      </requires>
      <artifacts size='1'>
        <artifact classifier='osgi.bundle' id='org.mule.tooling.ui.extension.xero' version='1.0.0.201211061745'/>
      </artifacts>
      <touchpoint id='org.eclipse.equinox.p2.osgi' version='1.0.0'/>
      <touchpointData size='1'>
        <instructions size='2'>
          <instruction key='manifest'>
            Bundle-SymbolicName: org.mule.tooling.ui.extension.xero;singleton:=true&#xA;Bundle-Version: 1.0.0.201211061745
          </instruction>
          <instruction key='zipped'>
            true
          </instruction>
        </instructions>
      </touchpointData>
    </unit>
    <unit id='org.mule.tooling.ui.extension.xero.feature.group' version='1.0.0.201211062119' singleton='false'>
      <update id='org.mule.tooling.ui.extension.xero.feature.group' range='[0.0.0,1.0.0.201211062119)' severity='0'/>
      <properties size='3'>
        <property name='org.eclipse.equinox.p2.name' value='Xero Mule Studio Extension'/>
        <property name='org.eclipse.equinox.p2.provider' value='Mulesoft, Inc.'/>
        <property name='org.eclipse.equinox.p2.type.group' value='true'/>
      </properties>
      <provides size='1'>
        <provided namespace='org.eclipse.equinox.p2.iu' name='org.mule.tooling.ui.extension.xero.feature.group' version='1.0.0.201211062119'/>
      </provides>
      <requires size='2'>
        <required namespace='org.eclipse.equinox.p2.iu' name='org.mule.tooling.ui.extension.xero' range='[1.0.0.201211062119,1.0.0.201211062119]'/>
        <required namespace='org.eclipse.equinox.p2.iu' name='org.mule.tooling.ui.extension.xero.feature.jar' range='[1.0.0.201211062119,1.0.0.201211062119]'>
          <filter>
            (org.eclipse.update.install.features=true)
          </filter>
        </required>
      </requires>
      <touchpoint id='null' version='0.0.0'/>
      <licenses size='1'>
        <license>

        </license>
      </licenses>
    </unit>
    <unit id='file:/C:/Users/Andy/Documents/GitHub/mule-xero-connector/xero-connector/target/update-site/site.xml.Connectors' version='1.0.0.2--cKMyA277357553G3ICA'>
      <properties size='2'>
        <property name='org.eclipse.equinox.p2.name' value='Connectors'/>
        <property name='org.eclipse.equinox.p2.type.category' value='true'/>
      </properties>
      <provides size='1'>
        <provided namespace='org.eclipse.equinox.p2.iu' name='file:/C:/Users/Andy/Documents/GitHub/mule-xero-connector/xero-connector/target/update-site/site.xml.Connectors' version='1.0.0.2--cKMyA277357553G3ICA'/>
      </provides>
      <requires size='1'>
        <required namespace='org.eclipse.equinox.p2.iu' name='org.mule.tooling.ui.extension.xero.feature.group' range='[1.0.0.201211070854,1.0.0.201211070854]'/>
      </requires>
      <touchpoint id='null' version='0.0.0'/>
    </unit>
    <unit id='file:/C:/Users/Andy/Documents/GitHub/mule-xero-connector/xero-connector/target/update-site/site.xml.Connectors' version='1.0.0.2--cKMyA277357553E755K'>
      <properties size='2'>
        <property name='org.eclipse.equinox.p2.name' value='Connectors'/>
        <property name='org.eclipse.equinox.p2.type.category' value='true'/>
      </properties>
      <provides size='1'>
        <provided namespace='org.eclipse.equinox.p2.iu' name='file:/C:/Users/Andy/Documents/GitHub/mule-xero-connector/xero-connector/target/update-site/site.xml.Connectors' version='1.0.0.2--cKMyA277357553E755K'/>
      </provides>
      <requires size='1'>
        <required namespace='org.eclipse.equinox.p2.iu' name='org.mule.tooling.ui.extension.xero.feature.group' range='[1.0.0.201211062119,1.0.0.201211062119]'/>
      </requires>
      <touchpoint id='null' version='0.0.0'/>
    </unit>
    <unit id='org.mule.tooling.ui.extension.xero' version='1.0.0.201211062119'>
      <update id='org.mule.tooling.ui.extension.xero' range='[0.0.0,1.0.0.201211062119)' severity='0'/>
      <properties size='2'>
        <property name='org.eclipse.equinox.p2.name' value='Xero'/>
        <property name='org.eclipse.equinox.p2.provider' value='MuleSoft, Inc.'/>
      </properties>
      <provides size='3'>
        <provided namespace='org.eclipse.equinox.p2.iu' name='org.mule.tooling.ui.extension.xero' version='1.0.0.201211062119'/>
        <provided namespace='osgi.bundle' name='org.mule.tooling.ui.extension.xero' version='1.0.0.201211062119'/>
        <provided namespace='org.eclipse.equinox.p2.eclipse.type' name='bundle' version='1.0.0'/>
      </provides>
      <requires size='3'>
        <required namespace='osgi.bundle' name='org.eclipse.ui' range='0.0.0'/>
        <required namespace='osgi.bundle' name='org.eclipse.core.runtime' range='0.0.0'/>
        <required namespace='osgi.bundle' name='org.mule.tooling.core' range='1.0.0'/>
      </requires>
      <artifacts size='1'>
        <artifact classifier='osgi.bundle' id='org.mule.tooling.ui.extension.xero' version='1.0.0.201211062119'/>
      </artifacts>
      <touchpoint id='org.eclipse.equinox.p2.osgi' version='1.0.0'/>
      <touchpointData size='1'>
        <instructions size='2'>
          <instruction key='manifest'>
            Bundle-SymbolicName: org.mule.tooling.ui.extension.xero;singleton:=true&#xA;Bundle-Version: 1.0.0.201211062119
          </instruction>
          <instruction key='zipped'>
            true
          </instruction>
        </instructions>
      </touchpointData>
    </unit>
    <unit id='org.mule.tooling.ui.extension.xero.feature.jar' version='1.0.0.201211061745'>
      <properties size='2'>
        <property name='org.eclipse.equinox.p2.name' value='Xero Mule Studio Extension'/>
        <property name='org.eclipse.equinox.p2.provider' value='Mulesoft, Inc.'/>
      </properties>
      <provides size='3'>
        <provided namespace='org.eclipse.equinox.p2.iu' name='org.mule.tooling.ui.extension.xero.feature.jar' version='1.0.0.201211061745'/>
        <provided namespace='org.eclipse.equinox.p2.eclipse.type' name='feature' version='1.0.0'/>
        <provided namespace='org.eclipse.update.feature' name='org.mule.tooling.ui.extension.xero' version='1.0.0.201211061745'/>
      </provides>
      <filter>
        (org.eclipse.update.install.features=true)
      </filter>
      <artifacts size='1'>
        <artifact classifier='org.eclipse.update.feature' id='org.mule.tooling.ui.extension.xero' version='1.0.0.201211061745'/>
      </artifacts>
      <touchpoint id='org.eclipse.equinox.p2.osgi' version='1.0.0'/>
      <touchpointData size='1'>
        <instructions size='1'>
          <instruction key='zipped'>
            true
          </instruction>
        </instructions>
      </touchpointData>
      <licenses size='1'>
        <license>

        </license>
      </licenses>
    </unit>
    <unit id='org.mule.tooling.ui.extension.xero.feature.group' version='1.0.0.201211061745' singleton='false'>
      <update id='org.mule.tooling.ui.extension.xero.feature.group' range='[0.0.0,1.0.0.201211061745)' severity='0'/>
      <properties size='3'>
        <property name='org.eclipse.equinox.p2.name' value='Xero Mule Studio Extension'/>
        <property name='org.eclipse.equinox.p2.provider' value='Mulesoft, Inc.'/>
        <property name='org.eclipse.equinox.p2.type.group' value='true'/>
      </properties>
      <provides size='1'>
        <provided namespace='org.eclipse.equinox.p2.iu' name='org.mule.tooling.ui.extension.xero.feature.group' version='1.0.0.201211061745'/>
      </provides>
      <requires size='2'>
        <required namespace='org.eclipse.equinox.p2.iu' name='org.mule.tooling.ui.extension.xero' range='[1.0.0.201211061745,1.0.0.201211061745]'/>
        <required namespace='org.eclipse.equinox.p2.iu' name='org.mule.tooling.ui.extension.xero.feature.jar' range='[1.0.0.201211061745,1.0.0.201211061745]'>
          <filter>
            (org.eclipse.update.install.features=true)
          </filter>
        </required>
      </requires>
      <touchpoint id='null' version='0.0.0'/>
      <licenses size='1'>
        <license>

        </license>
      </licenses>
    </unit>
    <unit id='file:/C:/Users/Andy/Documents/GitHub/mule-xero-connector/xero-connector/target/update-site/site.xml.Connectors' version='1.0.0.2--cKMyA277357553G3K5K'>
      <properties size='2'>
        <property name='org.eclipse.equinox.p2.name' value='Connectors'/>
        <property name='org.eclipse.equinox.p2.type.category' value='true'/>
      </properties>
      <provides size='1'>
        <provided namespace='org.eclipse.equinox.p2.iu' name='file:/C:/Users/Andy/Documents/GitHub/mule-xero-connector/xero-connector/target/update-site/site.xml.Connectors' version='1.0.0.2--cKMyA277357553G3K5K'/>
      </provides>
      <requires size='1'>
        <required namespace='org.eclipse.equinox.p2.iu' name='org.mule.tooling.ui.extension.xero.feature.group' range='[1.0.0.201211070919,1.0.0.201211070919]'/>
      </requires>
      <touchpoint id='null' version='0.0.0'/>
    </unit>
    <unit id='org.mule.tooling.ui.extension.xero.feature.jar' version='1.0.0.201211062119'>
      <properties size='2'>
        <property name='org.eclipse.equinox.p2.name' value='Xero Mule Studio Extension'/>
        <property name='org.eclipse.equinox.p2.provider' value='Mulesoft, Inc.'/>
      </properties>
      <provides size='3'>
        <provided namespace='org.eclipse.equinox.p2.iu' name='org.mule.tooling.ui.extension.xero.feature.jar' version='1.0.0.201211062119'/>
        <provided namespace='org.eclipse.equinox.p2.eclipse.type' name='feature' version='1.0.0'/>
        <provided namespace='org.eclipse.update.feature' name='org.mule.tooling.ui.extension.xero' version='1.0.0.201211062119'/>
      </provides>
      <filter>
        (org.eclipse.update.install.features=true)
      </filter>
      <artifacts size='1'>
        <artifact classifier='org.eclipse.update.feature' id='org.mule.tooling.ui.extension.xero' version='1.0.0.201211062119'/>
      </artifacts>
      <touchpoint id='org.eclipse.equinox.p2.osgi' version='1.0.0'/>
      <touchpointData size='1'>
        <instructions size='1'>
          <instruction key='zipped'>
            true
          </instruction>
        </instructions>
      </touchpointData>
      <licenses size='1'>
        <license>

        </license>
      </licenses>
    </unit>
    <unit id='org.mule.tooling.ui.extension.xero.feature.jar' version='1.0.0.201211070919'>
      <properties size='2'>
        <property name='org.eclipse.equinox.p2.name' value='Xero Mule Studio Extension'/>
        <property name='org.eclipse.equinox.p2.provider' value='Mulesoft, Inc.'/>
      </properties>
      <provides size='3'>
        <provided namespace='org.eclipse.equinox.p2.iu' name='org.mule.tooling.ui.extension.xero.feature.jar' version='1.0.0.201211070919'/>
        <provided namespace='org.eclipse.equinox.p2.eclipse.type' name='feature' version='1.0.0'/>
        <provided namespace='org.eclipse.update.feature' name='org.mule.tooling.ui.extension.xero' version='1.0.0.201211070919'/>
      </provides>
      <filter>
        (org.eclipse.update.install.features=true)
      </filter>
      <artifacts size='1'>
        <artifact classifier='org.eclipse.update.feature' id='org.mule.tooling.ui.extension.xero' version='1.0.0.201211070919'/>
      </artifacts>
      <touchpoint id='org.eclipse.equinox.p2.osgi' version='1.0.0'/>
      <touchpointData size='1'>
        <instructions size='1'>
          <instruction key='zipped'>
            true
          </instruction>
        </instructions>
      </touchpointData>
      <licenses size='1'>
        <license>

        </license>
      </licenses>
    </unit>
    <unit id='org.mule.tooling.ui.extension.xero.feature.group' version='1.0.0.201211070919' singleton='false'>
      <update id='org.mule.tooling.ui.extension.xero.feature.group' range='[0.0.0,1.0.0.201211070919)' severity='0'/>
      <properties size='3'>
        <property name='org.eclipse.equinox.p2.name' value='Xero Mule Studio Extension'/>
        <property name='org.eclipse.equinox.p2.provider' value='Mulesoft, Inc.'/>
        <property name='org.eclipse.equinox.p2.type.group' value='true'/>
      </properties>
      <provides size='1'>
        <provided namespace='org.eclipse.equinox.p2.iu' name='org.mule.tooling.ui.extension.xero.feature.group' version='1.0.0.201211070919'/>
      </provides>
      <requires size='2'>
        <required namespace='org.eclipse.equinox.p2.iu' name='org.mule.tooling.ui.extension.xero' range='[1.0.0.201211070919,1.0.0.201211070919]'/>
        <required namespace='org.eclipse.equinox.p2.iu' name='org.mule.tooling.ui.extension.xero.feature.jar' range='[1.0.0.201211070919,1.0.0.201211070919]'>
          <filter>
            (org.eclipse.update.install.features=true)
          </filter>
        </required>
      </requires>
      <touchpoint id='null' version='0.0.0'/>
      <licenses size='1'>
        <license>

        </license>
      </licenses>
    </unit>
    <unit id='org.mule.tooling.ui.extension.xero' version='1.0.0.201211070854'>
      <update id='org.mule.tooling.ui.extension.xero' range='[0.0.0,1.0.0.201211070854)' severity='0'/>
      <properties size='2'>
        <property name='org.eclipse.equinox.p2.name' value='Xero'/>
        <property name='org.eclipse.equinox.p2.provider' value='MuleSoft, Inc.'/>
      </properties>
      <provides size='3'>
        <provided namespace='org.eclipse.equinox.p2.iu' name='org.mule.tooling.ui.extension.xero' version='1.0.0.201211070854'/>
        <provided namespace='osgi.bundle' name='org.mule.tooling.ui.extension.xero' version='1.0.0.201211070854'/>
        <provided namespace='org.eclipse.equinox.p2.eclipse.type' name='bundle' version='1.0.0'/>
      </provides>
      <requires size='3'>
        <required namespace='osgi.bundle' name='org.eclipse.ui' range='0.0.0'/>
        <required namespace='osgi.bundle' name='org.eclipse.core.runtime' range='0.0.0'/>
        <required namespace='osgi.bundle' name='org.mule.tooling.core' range='1.0.0'/>
      </requires>
      <artifacts size='1'>
        <artifact classifier='osgi.bundle' id='org.mule.tooling.ui.extension.xero' version='1.0.0.201211070854'/>
      </artifacts>
      <touchpoint id='org.eclipse.equinox.p2.osgi' version='1.0.0'/>
      <touchpointData size='1'>
        <instructions size='2'>
          <instruction key='manifest'>
            Bundle-SymbolicName: org.mule.tooling.ui.extension.xero;singleton:=true&#xA;Bundle-Version: 1.0.0.201211070854
          </instruction>
          <instruction key='zipped'>
            true
          </instruction>
        </instructions>
      </touchpointData>
    </unit>
    <unit id='org.mule.tooling.ui.extension.xero' version='1.0.0.201211070919'>
      <update id='org.mule.tooling.ui.extension.xero' range='[0.0.0,1.0.0.201211070919)' severity='0'/>
      <properties size='2'>
        <property name='org.eclipse.equinox.p2.name' value='Xero'/>
        <property name='org.eclipse.equinox.p2.provider' value='MuleSoft, Inc.'/>
      </properties>
      <provides size='3'>
        <provided namespace='org.eclipse.equinox.p2.iu' name='org.mule.tooling.ui.extension.xero' version='1.0.0.201211070919'/>
        <provided namespace='osgi.bundle' name='org.mule.tooling.ui.extension.xero' version='1.0.0.201211070919'/>
        <provided namespace='org.eclipse.equinox.p2.eclipse.type' name='bundle' version='1.0.0'/>
      </provides>
      <requires size='3'>
        <required namespace='osgi.bundle' name='org.eclipse.ui' range='0.0.0'/>
        <required namespace='osgi.bundle' name='org.eclipse.core.runtime' range='0.0.0'/>
        <required namespace='osgi.bundle' name='org.mule.tooling.core' range='1.0.0'/>
      </requires>
      <artifacts size='1'>
        <artifact classifier='osgi.bundle' id='org.mule.tooling.ui.extension.xero' version='1.0.0.201211070919'/>
      </artifacts>
      <touchpoint id='org.eclipse.equinox.p2.osgi' version='1.0.0'/>
      <touchpointData size='1'>
        <instructions size='2'>
          <instruction key='manifest'>
            Bundle-SymbolicName: org.mule.tooling.ui.extension.xero;singleton:=true&#xA;Bundle-Version: 1.0.0.201211070919&#xA;
          </instruction>
          <instruction key='zipped'>
            true
          </instruction>
        </instructions>
      </touchpointData>
    </unit>
  </units>
</repository>
