<?xml version='1.0' encoding='UTF-8'?>
<?artifactRepository version='1.1.0'?>
<repository name='file:/C:/Users/Andy/Documents/GitHub/mule-xero-connector/target/update-site/ - artifacts' type='org.eclipse.equinox.p2.artifact.repository.simpleRepository' version='1'>
  <properties size='2'>
    <property name='p2.timestamp' value='1363687320713'/>
    <property name='p2.compressed' value='false'/>
  </properties>
  <mappings size='3'>
    <rule filter='(&amp; (classifier=osgi.bundle))' output='${repoUrl}/plugins/${id}_${version}.jar'/>
    <rule filter='(&amp; (classifier=binary))' output='${repoUrl}/binary/${id}_${version}'/>
    <rule filter='(&amp; (classifier=org.eclipse.update.feature))' output='${repoUrl}/features/${id}_${version}.jar'/>
  </mappings>
  <artifacts size='2'>
    <artifact classifier='org.eclipse.update.feature' id='org.mule.tooling.ui.extension.xero' version='1.0.0.201303192101'>
      <properties size='4'>
        <property name='artifact.size' value='635'/>
        <property name='download.size' value='635'/>
        <property name='download.md5' value='21b073339904e8eb989ca1fea72a9006'/>
        <property name='download.contentType' value='application/zip'/>
      </properties>
    </artifact>
    <artifact classifier='osgi.bundle' id='org.mule.tooling.ui.extension.xero' version='1.0.0.201303192101'>
      <properties size='3'>
        <property name='artifact.size' value='1442935'/>
        <property name='download.size' value='1442935'/>
        <property name='download.md5' value='04bc58b3b237fdf9fbf2436059963b57'/>
      </properties>
    </artifact>
  </artifacts>
</repository>
