<?xml version="1.0" encoding="UTF-8"?>

<mule xmlns="http://www.mulesoft.org/schema/mule/core"
      xmlns:xsi="http://www.w3.org/2001/XMLSchema-instance"
      xmlns:spring="http://www.springframework.org/schema/beans"
      xmlns:xero="http://www.mulesoft.org/schema/mule/xero"
      xsi:schemaLocation="
        http://www.springframework.org/schema/beans http://www.springframework.org/schema/beans/spring-beans-3.0.xsd
        http://www.mulesoft.org/schema/mule/core http://www.mulesoft.org/schema/mule/core/current/mule.xsd
        http://www.mulesoft.org/schema/mule/xero http://www.mulesoft.org/schema/mule/xero/1.0/mule-xero.xsd">

    <xero:config name="Xero" consumerKey="BSTGZO7PWHTUKRX4O2IZQLLEXDZLVB" consumerSecret="GULPOIEWW2L27NAESNFZE4WOAG3O7O" privateKeyLoc="./privateKey.pem"/>
    
    <flow name="testGetAllAccounts">
        <xero:get-all-accounts/>
    </flow>
    
    <flow name="testGetAllInvoices">
        <xero:get-all-invoices/>
    </flow>
    
    <flow name="testGetAccount">
        <xero:get-account accountId="74f0de47-0206-49d4-9a19-5b5338232ce9"/>
    </flow>
    
    <flow name="testGetInvoice">
        <xero:get-invoice invoiceId="f7701dda-baf7-4974-872a-37bd57803701"/>
    </flow>
    
    <flow name="testCreateInvoice">
        <xero:create objectType="INVOICES" payload="#[message.payload]"/>
    </flow>

</mule>
